[{"model": "centers.city", "pk": 1, "fields": {"name": "\u05d1\u05d0\u05e8 \u05e9\u05d1\u05e2"}}, {"model": "centers.neighborhood", "pk": 1, "fields": {"city": 1, "name": "\u05d4\u05e2\u05d9\u05e8 \u05d4\u05e2\u05ea\u05d9\u05e7\u05d4", "visible": true}}, {"model": "centers.neighborhood", "pk": 2, "fields": {"city": 1, "name": "\u05e9\u05db\u05d5\u05e0\u05ea \u05d3\u05e8\u05d5\u05dd", "visible": true}}, {"model": "centers.neighborhood", "pk": 3, "fields": {"city": 1, "name": "\u05e9\u05db\u05d5\u05e0\u05d4 \u05d0", "visible": true}}, {"model": "centers.neighborhood", "pk": 4, "fields": {"city": 1, "name": "\u05e9\u05db\u05d5\u05e0\u05d4 \u05d1", "visible": true}}, {"model": "centers.neighborhood", "pk": 5, "fields": {"city": 1, "name": "\u05e9\u05db\u05d5\u05e0\u05d4 \u05d2", "visible": true}}, {"model": "centers.neighborhood", "pk": 6, "fields": {"city": 1, "name": "\u05e9\u05db\u05d5\u05e0\u05d4 \u05d3", "visible": true}}, {"model": "centers.neighborhood", "pk": 7, "fields": {"city": 1, "name": "\u05e9\u05db\u05d5\u05e0\u05d4 \u05d4", "visible": true}}, {"model": "centers.neighborhood", "pk": 8, "fields": {"city": 1, "name": "\u05e9\u05db\u05d5\u05e0\u05d4 \u05d5", "visible": true}}, {"model": "centers.neighborhood", "pk": 9, "fields": {"city": 1, "name": "\u05e9\u05db\u05d5\u05e0\u05d4 \u05d8", "visible": true}}, {"model": "centers.neighborhood", "pk": 10, "fields": {"city": 1, "name": "\u05e9\u05db\u05d5\u05e0\u05d4 \u05d9\"\u05d0", "visible": true}}, {"model": "centers.neighborhood", "pk": 11, "fields": {"city": 1, "name": "\u05e0\u05d0\u05d5\u05ea \u05dc\u05d5\u05df", "visible": true}}, {"model": "centers.neighborhood", "pk": 12, "fields": {"city": 1, "name": "\u05e0\u05d5\u05d5\u05d4 \u05d6\u05d0\u05d1", "visible": true}}, {"model": "centers.neighborhood", "pk": 13, "fields": {"city": 1, "name": "\u05e0\u05d5\u05d5\u05d4 \u05e0\u05d5\u05d9", "visible": true}}, {"model": "centers.neighborhood", "pk": 14, "fields": {"city": 1, "name": "\u05e0\u05d7\u05dc \u05d1\u05e7\u05e2", "visible": true}}, {"model": "centers.neighborhood", "pk": 15, "fields": {"city": 1, "name": "\u05e0\u05d7\u05dc \u05e2\u05e9\u05df", "visible": true}}, {"model": "centers.neighborhood", "pk": 16, "fields": {"city": 1, "name": "\u05e8\u05de\u05d5\u05ea", "visible": true}}, {"model": "centers.neighborhood", "pk": 17, "fields": {"city": 1, "name": "\u05e0\u05d0\u05d5\u05ea \u05d0\u05d1\u05e8\u05d4\u05dd", "visible": true}}, {"model": "centers.neighborhood", "pk": 18, "fields": {"city": 1, "name": "\u05e0\u05d5\u05d5\u05d4 \u05d0\u05d9\u05dc\u05df", "visible": true}}, {"model": "centers.neighborhood", "pk": 19, "fields": {"city": 1, "name": "\u05e9\u05db\u05d5\u05e0\u05ea \u05e7\u05e8\u05d9\u05d9\u05ea \u05d2\u05e0\u05d9\u05dd", "visible": true}}, {"model": "centers.neighborhood", "pk": 20, "fields": {"city": 1, "name": "\u05e9\u05db\u05d5\u05e0\u05ea \u05d4\u05db\u05dc\u05e0\u05d9\u05d5\u05ea", "visible": true}}, {"model": "centers.neighborhood", "pk": 21, "fields": {"city": 1, "name": "\u05e9\u05db\u05d5\u05e0\u05ea \u05e1\u05d9\u05d2\u05dc\u05d9\u05d5\u05ea", "visible": true}}, {"model": "centers.neighborhood", "pk": 22, "fields": {"city": 1, "name": "\u05e4\u05d0\u05e8\u05e7 \u05d4\u05e0\u05d7\u05dc", "visible": true}}, {"model": "centers.network", "pk": 1, "fields": {"name": "\u05db\u05dc\u05dc\u05d9\u05ea"}}, {"model": "centers.network", "pk": 2, "fields": {"name": "\u05dc\u05d0\u05d5\u05de\u05d9\u05ea"}}, {"model": "centers.network", "pk": 3, "fields": {"name": "\u05de\u05d0\u05d5\u05d7\u05d3\u05ea"}}, {"model": "centers.network", "pk": 4, "fields": {"name": "\u05de\u05db\u05d1\u05d9"}}, {"model": "centers.network", "pk": 5, "fields": {"name": "\u05de\u05e9\u05e8\u05d3 \u05d4\u05d1\u05e8\u05d9\u05d0\u05d5\u05ea"}}, {"model": "centers.center", "pk": 3, "fields": {"name": "\u05d1\u05df \u05d9\u05d0\u05d9\u05e8", "neighborhood": 4, "address": "\u05d7\u05d9\u05d9\u05dd \u05e0\u05d7\u05de\u05df \u05d1\u05d9\u05d0\u05dc\u05d9\u05e7 26, \u05d1\u05d0\u05e8 \u05e9\u05d1\u05e2, \u05e9\u05db\u05d5\u05e0\u05d4 \u05d1'", "network": 1, "hours": "\u05d0' :08:00 - 20:00\r\n\u05d1' :08:00 - 20:00\r\n\u05d2' :08:00 - 20:00\r\n\u05d3' :08:00 - 20:00\r\n\u05d4' :08:00 - 20:00\r\n\u05d5' :08:00 - 13:00", "phone": "08-6438570, 08-6438571", "fax": "08-6434858", "email": "", "routes": "6"}}, {"model": "centers.center", "pk": 5, "fields": {"name": "\u05d9\u05e1\u05e7\u05d9", "neighborhood": 6, "address": "\u05d3\u05d5\u05d3 \u05d4\u05de\u05dc\u05da 8, \u05d1\u05d0\u05e8 \u05e9\u05d1\u05e2, \u05e1\u05de\u05d5\u05da \u05dc\u05de\u05e8\u05db\u05d6 \u05d7\u05e0\u05d5\u05d9\u05d5\u05ea \u05d2\u05d9\u05dc\u05ea", "network": 1, "hours": "\u05e9\u05e2\u05d5\u05ea \u05e7\u05d1\u05dc\u05d4:\r\n\u05d0' :07:30 - 13:00\r\n16:00 - 19:00\r\n\u05d1' :07:30 - 15:00\u05d1\u05d9\u05de\u05d9 \u05d1 '\u05d1\u05d9\u05df \u05d4\u05e9\u05e2\u05d5\u05ea 13:00-15:00 \u05e0\u05d9\u05ea\u05df \u05dc\u05e4\u05e0\u05d5\u05ea \u05dc \u05de\u05e8\u05e4\u05d0\u05d4 \u05dc\u05de\u05e7\u05e8\u05d9\u05dd \u05d3\u05dc\u05d5\u05e4\u05d9\u05dd \u05d1\u05dc\u05d1\u05d3\r\n\u05d2' :07:30 - 13:00\r\n16:00 - 19:00\r\n\u05d3' :07:30 - 13:00\r\n\u05d4' :07:30 - 13:00\r\n16:00 - 19:00\r\n\u05d5' :08:00 - 12:00\r\n\u05e2\u05e8\u05d1 \u05d7\u05d208:00 - 12:00\r\n\r\n\u05e9\u05d9\u05e8\u05d5\u05ea\u05d9 \u05de\u05e2\u05d1\u05d3\u05d4:\r\n\u05d0' :07:30 - 08:00\u05de\u05e7\u05e8\u05d9\u05dd \u05d3\u05d7\u05d5\u05e4\u05d9\u05dd \u05de\u05ea\u05e7\u05d1\u05dc\u05d9\u05dd \u05d1\u05ea\u05d9\u05d0\u05d5\u05dd \u05d8\u05dc\u05e4\u05d5\u05e0\u05d9\r\n\u05d1' :07:30 - 08:00\r\n\u05d2' :07:30 - 08:00\r\n\u05d3' :07:30 - 08:00\r\n\u05d4' :07:30 - 08:00\r\n\r\n\u05e9\u05d9\u05e8\u05d5\u05ea\u05d9 \u05d0\u05d7\u05d5\u05ea:\r\n\u05d0' :08:00 - 13:00\r\n16:00 - 19:00\r\n\u05d1' :09:30 - 13:00\r\n\u05d2' :08:00 - 16:00\r\n\u05d3' :08:00 - 13:00\r\n\u05d4' :08:00 - 13:00\r\n16:00 - 19:00\r\n\u05d5' :08:00 - 12:00", "phone": "08-6407777", "fax": "08-6407773", "email": "", "routes": "7"}}, {"model": "centers.center", "pk": 6, "fields": {"name": "\u05de\u05e8\u05e4\u05d0\u05d4 \u05ea\u05e2\u05e1\u05d5\u05e7\u05ea\u05d9\u05ea", "neighborhood": 6, "address": "\u05d9\u05d5\u05e1\u05e3 \u05e7\u05dc\u05d0\u05d5\u05d6\u05e0\u05e8 6, \u05d1\u05d0\u05e8 \u05e9\u05d1\u05e2", "network": 1, "hours": "\u05e9\u05e2\u05d5\u05ea \u05e7\u05d1\u05dc\u05d4:\r\n\u05d0' :08:00 - 16:00\r\n\u05d1' :08:00 - 16:00\r\n\u05d2' :08:00 - 16:00\r\n\u05d3' :08:00 - 16:00\r\n\u05d4' :08:00 - 13:00\r\n\r\n\u05e9\u05d9\u05e8\u05d5\u05ea\u05d9 \u05de\u05e2\u05d1\u05d3\u05d4:\r\n\u05d0' :08:00 - 10:30\r\n\u05d1' :08:00 - 10:30\r\n\u05d2' :08:00 - 10:30\r\n\u05d3' :08:00 - 10:30\r\n\u05d4' :08:00 - 10:30\r\n\r\n\u05e9\u05d9\u05e8\u05d5\u05ea\u05d9 \u05d0\u05d7\u05d5\u05ea:\r\n\u05d0' :10:30 - 15:00\r\n\u05d1' :10:30 - 15:00\r\n\u05d2' :10:30 - 15:00\r\n\u05d3' :10:30 - 15:00\r\n\u05d4' :10:30 - 13:00", "phone": "08-6243222", "fax": "08-6243238", "email": "", "routes": "8"}}, {"model": "centers.center", "pk": 7, "fields": {"name": "\u05d0\u05dc\u05d5\u05df", "neighborhood": 3, "address": "\u05db\u05d9\u05db\u05e8 \u05d0\u05dc\u05d9\u05e2\u05d6\u05e8 \u05e7\u05e4\u05dc\u05df 8, \u05d1\u05d0\u05e8 \u05e9\u05d1\u05e2, \u05e6\u05de\u05d5\u05d3 \u05dc\u05de\u05d2\u05df \u05d3\u05d5\u05d3 \u05d0\u05d3\u05d5\u05dd", "network": 1, "hours": "\u05e9\u05e2\u05d5\u05ea \u05e7\u05d1\u05dc\u05d4:\r\n\u05d0' :07:30 - 13:00\r\n16:00 - 19:00\r\n\u05d1' :07:30 - 13:00\u05d1\u05d9\u05df \u05d4\u05e9\u05e2\u05d5\u05ea 13:00 - 15:00 , \u05de\u05ea\u05e7\u05d1\u05dc\u05d9\u05dd \u05de\u05e7\u05e8\u05d9\u05dd \u05d3\u05d7\u05d5\u05e4\u05d9\u05dd\r\n\u05d2' :07:30 - 13:00\r\n16:00 - 19:00\r\n\u05d3' :07:30 - 13:00\r\n\u05d4' :07:30 - 16:00\r\n\u05d5' :08:00 - 12:00\r\n\u05e2\u05e8\u05d1 \u05d7\u05d2 :08:00 - 12:00\r\n\r\n\u05e9\u05d9\u05e8\u05d5\u05ea\u05d9 \u05de\u05e2\u05d1\u05d3\u05d4:\r\n\u05d0' :07:00 - 09:30\r\n\u05d1' :07:00 - 09:30\r\n\u05d2' :07:00 - 09:30\r\n\u05d3' :08:00 - 09:30\r\n\u05d4' :07:00 - 09:30\r\n\r\n\u05e9\u05d9\u05e8\u05d5\u05ea\u05d9 \u05d0\u05d7\u05d5\u05ea:\r\n\u05d0' :09:30 - 13:00\r\n16:00 - 19:00\r\n\u05d1' :09:30 - 13:00\r\n\u05d2' :09:30 - 13:00\r\n16:00 - 19:00\r\n\u05d3' :09:30 - 13:00\r\n\u05d4' :09:30 - 16:00\r\n\u05d5' :08:00 - 12:00", "phone": "08-6201222", "fax": "08-6201237", "email": "", "routes": "3, 9"}}, {"model": "centers.center", "pk": 8, "fields": {"name": "\u05d0\u05d5\u05e8\u05df (\u05d3' \u05e6\u05e4\u05d5\u05df)", "neighborhood": 6, "address": "\u05d0\u05d1\u05e8\u05d4\u05dd \u05d0\u05d1\u05d9\u05e0\u05d5 97, \u05d1\u05d0\u05e8 \u05e9\u05d1\u05e2", "network": 1, "hours": "\u05e9\u05e2\u05d5\u05ea \u05e7\u05d1\u05dc\u05d4:\r\n\u05d0' :07:30 - 13:00\r\n16:00 - 19:00\r\n\u05d1' : 07:30 - 13:00\u05d1\u05d9\u05de\u05d9 \u05e9\u05e0\u05d9 \u05d1\u05d9\u05df \u05d4\u05e9\u05e2\u05d5\u05ea 13:00-15:00 \u05e0\u05d9\u05ea\u05df \u05dc\u05e4\u05e0\u05d5\u05ea \u05dc \u05dc\u05de\u05e8\u05e4\u05d0\u05d4 \u05d1\u05de\u05e7\u05e8\u05d9\u05dd \u05d3\u05d7\u05d5\u05e4\u05d9\u05dd \u05d1\u05dc\u05d1\u05d3.\r\n\u05d2' :07:30 - 16:00\r\n\u05d3' :07:30 - 13:00\r\n\u05d4' :07:30 - 13:00\r\n16:00 - 19:00\r\n\u05d5' :08:00 - 12:00\r\n\u05e2\u05e8\u05d1 \u05d7\u05d2 :08:00 - 12:00\r\n\r\n\u05e9\u05d9\u05e8\u05d5\u05ea\u05d9 \u05de\u05e2\u05d1\u05d3\u05d4:\r\n\u05d0' :07:00 - 10:00\r\n\u05d1' :07:00 - 10:00\r\n\u05d2' :07:00 - 10:00\r\n\u05d3' :07:00 - 10:00\r\n\u05d4' :07:00 - 10:00\r\n\r\n\u05e9\u05d9\u05e8\u05d5\u05ea\u05d9 \u05d0\u05d7\u05d5\u05ea:\r\n\u05d0' :10:00 - 13:00\r\n16:00 - 19:00\r\n\u05d1' :10:00 - 13:00\r\n\u05d2' :10:00 - 16:00\r\n\u05d3' :10:00 - 13:00\r\n\u05d4' :10:00 - 13:00\r\n16:00 - 19:00\r\n\u05d5' :08:00 - 12:00", "phone": "08-6241222", "fax": "08-6241228", "email": "", "routes": "8"}}, {"model": "centers.center", "pk": 9, "fields": {"name": "\u05de\u05e6\u05d3\u05d4", "neighborhood": 8, "address": "\u05de\u05d1\u05e6\u05e2 \u05e2\u05d5\u05d1\u05d3\u05d4 5, \u05d1\u05d0\u05e8 \u05e9\u05d1\u05e2", "network": 1, "hours": "\u05e9\u05e2\u05d5\u05ea \u05e7\u05d1\u05dc\u05d4:\r\n\u05d0' :07:30 - 13:00\r\n16:00 - 19:00\r\n\u05d1' :07:30 - 13:00\u05d1\u05d9\u05de\u05d9 \u05d1 \u05d1\u05d9\u05df \u05d4\u05e9\u05e2\u05d5\u05ea 13:00-15:00 \u05e0\u05d9\u05ea\u05df \u05dc\u05e4\u05e0\u05d5\u05ea \u05dc \u05de\u05e8\u05e4\u05d0\u05d4 \u05d1\u05de\u05e7\u05e8\u05d9\u05dd \u05d3\u05d7\u05d5\u05e4\u05d9\u05dd \u05d1\u05dc\u05d1\u05d3\r\n\u05d2' :07:30 - 13:00\r\n16:00 - 19:00\r\n\u05d3' :07:30 - 13:00\r\n\u05d4' :07:30 - 13:00\r\n16:00 - 19:00\r\n\u05d5' :08:00 - 12:00\r\n\u05e2\u05e8\u05d1 \u05d7\u05d2 :08:00 - 12:00\r\n\r\n\u05e9\u05d9\u05e8\u05d5\u05ea\u05d9 \u05de\u05e2\u05d1\u05d3\u05d4:\r\n\u05d0' :07:00 - 09:30\r\n\u05d1' :07:00 - 09:30\r\n\u05d2' :07:00 - 09:30\r\n\u05d3' :07:00 - 09:30\r\n\u05d4' :07:00 - 09:30\r\n\r\n\u05e9\u05d9\u05e8\u05d5\u05ea\u05d9 \u05d0\u05d7\u05d5\u05ea:\r\n\u05d0' :09:30 - 13:00\r\n16:00 - 19:00\r\n\u05d1' :09:30 - 13:00\r\n\u05d2' :09:30 - 16:00\r\n\u05d3' :09:30 - 13:00\r\n\u05d4' :09:30 - 16:00\r\n\u05d5' :08:00 - 12:00", "phone": "08-6475222", "fax": "08-6475253", "email": "", "routes": "12, 3\u05d0"}}, {"model": "centers.center", "pk": 10, "fields": {"name": "\u05d9\u05d0'", "neighborhood": 10, "address": "\u05e8\u05d7\u05d1\u05ea \u05d4\u05e9\u05dc\"\u05d4 18, \u05d1\u05d0\u05e8 \u05e9\u05d1\u05e2", "network": 1, "hours": "\u05e9\u05e2\u05d5\u05ea \u05e7\u05d1\u05dc\u05d4:\r\n\u05d0' :07:30 - 13:00\r\n16:00 - 19:00\r\n\u05d1' :07:30 - 15:00\u05d1\u05d9\u05df \u05d4\u05e9\u05e2\u05d5\u05ea 13:00 - 15:00 , \u05de\u05ea\u05e7\u05d1\u05dc\u05d9\u05dd \u05de\u05e7\u05e8\u05d9\u05dd \u05d3\u05d7\u05d5\u05e4\u05d9\u05dd\r\n\u05d2' :07:30 - 13:00\r\n16:00 - 19:00\r\n\u05d3' :07:30 - 13:00\r\n\u05d4' :07:30 - 13:00\r\n16:00 - 19:00\r\n\u05d5' :08:00 - 12:00\r\n\u05e2\u05e8\u05d1 \u05d7\u05d2 :08:00 - 12:00\r\n\r\n\u05e9\u05d9\u05e8\u05d5\u05ea\u05d9 \u05de\u05e2\u05d1\u05d3\u05d4:\r\n\u05d0' :07:00 - 09:30\r\n\u05d1' :07:00 - 09:30\r\n\u05d2' :07:00 - 09:30\r\n\u05d3' :07:00 - 09:30\r\n\u05d4' :07:00 - 09:30\r\n\r\n\u05e9\u05d9\u05e8\u05d5\u05ea\u05d9 \u05d0\u05d7\u05d5\u05ea:\r\n\u05d0' :08:00 - 13:00\r\n16:00 - 19:00\r\n\u05d1' :08:00 - 13:00\r\n\u05d2' :08:00 - 13:00\r\n16:00 - 19:00\r\n\u05d3' :08:00 - 13:00\r\n\u05d4' :08:00 - 13:00\r\n16:00 - 19:00\r\n\u05d5' :08:00 - 12:00\r\n\u05e2\u05e8\u05d1 \u05d7\u05d2 :08:00 - 12:00", "phone": "08-6475555", "fax": "08-6475505", "email": "", "routes": "9"}}, {"model": "centers.center", "pk": 11, "fields": {"name": "\u05d8'", "neighborhood": 9, "address": "\u05e9\u05d3\u05e8\u05d5\u05ea \u05d9\u05e8\u05d5\u05e9\u05dc\u05d9\u05dd 29, \u05d1\u05d0\u05e8 \u05e9\u05d1\u05e2", "network": 1, "hours": "\u05e9\u05e2\u05d5\u05ea \u05e7\u05d1\u05dc\u05d4:\r\n\u05d0' :07:30 - 13:00\r\n15:00 - 19:00\r\n\u05d1' :07:30 - 15:00\u05d1\u05d9\u05de\u05d9 \u05d1' \u05d1\u05d9\u05df \u05d4\u05e9\u05e2\u05d5\u05ea 13:00-15:00 \u05e0\u05d9\u05ea\u05df \u05dc\u05e4\u05e0\u05d5\u05ea \u05dc \u05de\u05e8\u05e4\u05d0\u05d4 \u05dc\u05de\u05e7\u05e8\u05d9\u05dd \u05d3\u05d7\u05d5\u05e4\u05d9\u05dd \u05d1\u05dc\u05d1\u05d3.\r\n\u05d2' :07:30 - 13:00\r\n16:00 - 19:00\r\n\u05d3' :07:30 - 13:00\r\n\u05d4' :07:30 - 19:00\r\n\u05d5' :08:00 - 12:00\r\n\u05e2\u05e8\u05d1 \u05d7\u05d2 :08:00 - 12:00\r\n\r\n\u05e9\u05d9\u05e8\u05d5\u05ea\u05d9 \u05de\u05e2\u05d1\u05d3\u05d4:\r\n\u05d0' :07:00 - 09:30\r\n\u05d1' :07:00 - 09:30\r\n\u05d2' :07:00 - 09:30\r\n\u05d3' :07:00 - 09:30\r\n\u05d4' :07:00 - 09:30\r\n\r\n\u05e9\u05d9\u05e8\u05d5\u05ea\u05d9 \u05d0\u05d7\u05d5\u05ea:\r\n\u05d0' :09:30 - 19:00\r\n\u05d1' :09:30 - 13:00\r\n\u05d2' :09:30 - 13:00\r\n16:00 - 19:00\r\n\u05d3' :09:30 - 13:00\r\n\u05d4' :09:30 - 19:00\r\n\u05d5' :08:00 - 12:00", "phone": "08-6476222", "fax": "08-6476200", "email": "", "routes": "13, 25"}}, {"model": "centers.center", "pk": 12, "fields": {"name": "\u05e9\u05ea\u05dc", "neighborhood": 1, "address": "\u05e1\u05de\u05d9\u05dc\u05e0\u05e1\u05e7\u05d9 79, \u05d1\u05d0\u05e8 \u05e9\u05d1\u05e2", "network": 1, "hours": "\u05e9\u05e2\u05d5\u05ea \u05e7\u05d1\u05dc\u05d4:\r\n\u05d0' :07:30 - 13:00\r\n16:00 - 19:00\r\n\u05d1' :07:30 - 15:00\r\n\u05d2' :07:30 - 13:00\r\n16:00 - 19:00\r\n\u05d3' :07:30 - 13:00\r\n\u05d4' :07:30 - 15:00\r\n\u05d5' :08:00 - 12:00\r\n\u05e2\u05e8\u05d1 \u05d7\u05d2 :08:00 - 12:00\r\n\r\n\u05e9\u05d9\u05e8\u05d5\u05ea\u05d9 \u05de\u05e2\u05d1\u05d3\u05d4:\r\n\u05d0' :07:10 - 09:30\r\n\u05d1' :07:10 - 09:30\r\n\u05d2' :07:10 - 09:30\r\n\u05d3' :07:10 - 09:30\r\n\u05d4' :07:10 - 09:30\r\n\r\n\u05e9\u05d9\u05e8\u05d5\u05ea\u05d9 \u05d0\u05d7\u05d5\u05ea:\r\n\u05d0' :09:30 - 13:00\r\n16:00 - 19:00\r\n\u05d1' :09:30 - 13:00\r\n\u05d2' :09:30 - 13:00\r\n16:00 - 19:00\r\n\u05d3' :09:30 - 13:00\r\n\u05d4' :09:30 - 15:00\r\n\u05d5' :08:00 - 12:00", "phone": "08-6254222", "fax": "08-6254238", "email": "", "routes": "5"}}, {"model": "centers.center", "pk": 13, "fields": {"name": "\u05d5\u05d9\u05e0\u05d2\u05d9\u05d9\u05d8", "neighborhood": 5, "address": "\u05d7\u05e0\u05d4 \u05e1\u05e0\u05e9 3, \u05d1\u05d0\u05e8 \u05e9\u05d1\u05e2", "network": 1, "hours": "\u05e9\u05e2\u05d5\u05ea \u05e7\u05d1\u05dc\u05d4:\r\n\u05d0' :07:30 - 13:00\r\n16:00 - 19:00\r\n\u05d1' :07:30 - 15:00\u05d1\u05d9\u05de\u05d9 \u05d1' \u05d1\u05d9\u05df \u05d4\u05e9\u05e2\u05d5\u05ea 13:00-15:00 \u05e0\u05d9\u05ea\u05df \u05dc\u05e4\u05e0\u05d5\u05ea \u05dc \u05de\u05e8\u05e4\u05d0\u05d4 \u05d1\u05de\u05e7\u05e8\u05d9\u05dd \u05d3\u05d7\u05d5\u05e4\u05d9\u05dd \u05d1\u05dc\u05d1\u05d3.\r\n\u05d2' :07:30 - 13:00\r\n\u05d3' :07:30 - 13:00\r\n\u05d4' :07:30 - 13:00\r\n16:00 - 19:00\r\n\u05d5' :08:00 - 12:00\r\n\u05e2\u05e8\u05d1 \u05d7\u05d2 :08:00 - 12:00\r\n\r\n\u05e9\u05d9\u05e8\u05d5\u05ea\u05d9 \u05de\u05e2\u05d1\u05d3\u05d4:\r\n\u05d0' :07:00 - 09:00\r\n\u05d1' :07:00 - 09:00\r\n\u05d2' :07:00 - 09:00\r\n\u05d3' :08:00 - 09:00\r\n\u05d4' :07:00 - 09:00\r\n\r\n\u05e9\u05d9\u05e8\u05d5\u05ea\u05d9 \u05d0\u05d7\u05d5\u05ea:\r\n\u05d0' :09:00 - 13:00\r\n16:00 - 19:00\r\n\u05d1' :09:00 - 13:00\r\n\u05d2' :09:00 - 13:00\r\n\u05d3' :09:00 - 13:00\r\n\u05d4' :09:00 - 13:00\r\n16:00 - 19:00\r\n\u05d5' :08:00 - 12:00", "phone": "08-6207222", "fax": "08-6207218", "email": "", "routes": "5, 4"}}, {"model": "centers.center", "pk": 14, "fields": {"name": "\u05de\u05e8\u05db\u05d6 \u05e8\u05e4\u05d5\u05d0\u05d9 \u05e1\u05d5\u05e8\u05d5\u05e7\u05d4", "neighborhood": 3, "address": "\u05d9\u05e6\u05d7\u05e7 \u05e8\u05d2\u05e8 1, \u05d1\u05d0\u05e8 \u05e9\u05d1\u05e2", "network": 1, "hours": "", "phone": "08-6400111", "fax": "", "email": "", "routes": "4, 5, 7, 8.16"}}, {"model": "centers.center", "pk": 15, "fields": {"name": "\u05d4\u05e9\u05dc\u05d5\u05dd", "neighborhood": 3, "address": "\u05d4\u05e0\u05e8\u05d9\u05d9\u05d8\u05d4 \u05e1\u05d5\u05dc\u05d3 1, \u05d1\u05d0\u05e8 \u05e9\u05d1\u05e2, \u05d1\u05d1\u05e0\u05d9\u05d9\u05df \u05d4\u05e1\u05d5\u05db\u05e0\u05d5\u05ea \u05d4\u05d9\u05d4\u05d5\u05d3\u05d9\u05ea \u05de\u05d5\u05dc \u05de\u05e8\u05db\u05d6 \u05e1\u05d0\u05dc\u05d3 \u05dc\u05e8\u05e4\u05d5\u05d0\u05d4 \u05d9\u05d5\u05e2\u05e6\u05ea", "network": 1, "hours": "\u05e9\u05e2\u05d5\u05ea \u05e7\u05d1\u05dc\u05d4:\r\n\u05d0' :07:30 - 13:00\r\n16:00 - 19:00\r\n\u05d1' :07:30 - 13:00\r\n\u05d2' :07:30 - 13:00\r\n16:00 - 19:00\r\n\u05d3' :07:30 - 12:00\r\n12:00 - 13:00\u05e9\u05d9\u05e8\u05d5\u05ea\u05d9 \u05de\u05e9\u05e8\u05d3 \u05d5\u05e1\u05d9\u05e2\u05d5\u05d3 \u05d1\u05dc\u05d1\u05d3. \u05d0\u05d9\u05df \u05e8\u05d5\u05e4\u05d0\u05d9\u05dd \u05d1\u05de\u05e8\u05e4\u05d0\u05d4.\r\n\u05d4' :07:30 - 13:00\r\n\u05d5' :08:00 - 12:00\r\n\u05e2\u05e8\u05d1 \u05d7\u05d2 :08:00 - 12:00\r\n\r\n\u05e9\u05d9\u05e8\u05d5\u05ea\u05d9 \u05de\u05e2\u05d1\u05d3\u05d4:\r\n\u05d0' :07:00 - 10:00\r\n\u05d1' :07:00 - 10:00\r\n\u05d2' :07:00 - 10:00\r\n\u05d3' :07:00 - 10:00\r\n\u05d4' :07:00 - 10:00\r\n\r\n\u05e9\u05d9\u05e8\u05d5\u05ea\u05d9 \u05d0\u05d7\u05d5\u05ea:\r\n\u05d0' :10:00 - 13:00\r\n16:00 - 19:00\r\n\u05d1' :10:00 - 13:00\r\n\u05d2' :10:00 - 13:00\r\n16:00 - 19:00\r\n\u05d3' :10:00 - 13:00\r\n\u05d4' :10:00 - 13:00\r\n\u05d5' :08:00 - 12:00", "phone": "08-6251222", "fax": "08-6251228", "email": "", "routes": "4, 5"}}, {"model": "centers.center", "pk": 16, "fields": {"name": "\u05e0\u05d5\u05d5\u05d4 \u05d6\u05d0\u05d1", "neighborhood": 12, "address": "\u05e9\u05d3\u05e8\u05d5\u05ea \u05d9\u05d5\u05d4\u05e0\u05d4 \u05d6'\u05d1\u05d5\u05d8\u05d9\u05e0\u05e1\u05e7\u05d9 30, \u05d1\u05d0\u05e8 \u05e9\u05d1\u05e2, \u05e7\u05e0\u05d9\u05d5\u05df \u05e0\u05d5\u05d5\u05d4 \u05d6\u05d0\u05d1", "network": 1, "hours": "\u05e9\u05e2\u05d5\u05ea \u05e7\u05d1\u05dc\u05d4:\r\n\u05d0' :07:30 - 13:00\r\n16:00 - 19:00\r\n\u05d1' :07:30 - 15:00\u05d1\u05d9\u05de\u05d9 \u05d1' \u05d1\u05d9\u05df \u05d4\u05e9\u05e2\u05d5\u05ea 13:00-15:00 \u05e0\u05d9\u05ea\u05df \u05dc\u05e4\u05e0\u05d5\u05ea \u05dc \u05de\u05e8\u05e4\u05d0\u05d4 \u05d1\u05de\u05e7\u05e8\u05d9\u05dd \u05d3\u05d7\u05d5\u05e4\u05d9\u05dd \u05d1\u05dc\u05d1\u05d3.\r\n\u05d2' :07:30 - 13:00\r\n16:00 - 19:00\r\n\u05d3' :07:30 - 13:00\r\n\u05d4' :07:30 - 13:00\r\n16:00 - 19:00\r\n\u05d5' :08:00 - 12:00\r\n\u05e2\u05e8\u05d1 \u05d7\u05d2 :08:00 - 12:00\r\n\r\n\u05e9\u05d9\u05e8\u05d5\u05ea\u05d9 \u05de\u05e2\u05d1\u05d3\u05d4:\r\n\u05d0' :07:00 - 10:00\r\n\u05d1' :07:00 - 10:00\r\n\u05d2' :07:00 - 10:00\r\n\u05d3' :07:30 - 10:00\r\n\u05d4' :07:00 - 10:00\r\n\r\n\u05e9\u05d9\u05e8\u05d5\u05ea\u05d9 \u05d0\u05d7\u05d5\u05ea:\r\n\u05d0' :10:00 - 13:00\r\n16:00 - 19:00\r\n\u05d1' :10:00 - 13:00\r\n\u05d2' :10:00 - 13:00\r\n16:00 - 19:00\r\n\u05d3' :10:00 - 13:00\r\n\u05d4' :10:00 - 16:00\r\n\u05d5' :08:00 - 12:00", "phone": "08-9113222", "fax": "08-9113228", "email": "", "routes": "7, 14 ,25"}}, {"model": "centers.center", "pk": 17, "fields": {"name": "\u05e0\u05d5\u05d5\u05d4 \u05e0\u05d5\u05d9", "neighborhood": 13, "address": "\u05e9\u05d9\u05d8\u05d4 42, \u05d1\u05d0\u05e8 \u05e9\u05d1\u05e2", "network": 1, "hours": "\u05e9\u05e2\u05d5\u05ea \u05e7\u05d1\u05dc\u05d4:\r\n\u05d0' :07:30 - 13:00\r\n16:00 - 19:00\r\n\u05d1' :07:30 - 15:00\u05d1\u05d9\u05df \u05d4\u05e9\u05e2\u05d5\u05ea 13:00 - 15:00 , \u05de\u05ea\u05e7\u05d1\u05dc\u05d9\u05dd \u05de\u05e7\u05e8\u05d9\u05dd \u05d3\u05d7\u05d5\u05e4\u05d9\u05dd\r\n\u05d2' :07:30 - 13:00\r\n16:00 - 19:00\r\n\u05d3' :07:30 - 13:00\r\n\u05d4' :07:30 - 13:00\r\n\u05d5' :08:00 - 12:00\r\n\u05e2\u05e8\u05d1 \u05d7\u05d2 :08:00 - 12:00\r\n\r\n\u05e9\u05d9\u05e8\u05d5\u05ea\u05d9 \u05de\u05e2\u05d1\u05d3\u05d4:\r\n\u05d0' :07:00 - 09:30\r\n\u05d2' :07:00 - 09:30\r\n\u05d3' :08:00 - 09:30\r\n\u05d4' :07:00 - 09:30\r\n\r\n\u05e9\u05d9\u05e8\u05d5\u05ea\u05d9 \u05d0\u05d7\u05d5\u05ea:\r\n\u05d0' :09:30 - 13:00\r\n16:00 - 19:00\r\n\u05d1' :09:30 - 13:00\r\n\u05d2' :09:30 - 13:00\r\n16:00 - 19:00\r\n\u05d3' :09:30 - 13:00\r\n\u05d4' :09:30 - 13:00\r\n\u05d5' :08:00 - 12:00", "phone": "08-6269222", "fax": "08-6269228", "email": "", "routes": "2"}}, {"model": "centers.center", "pk": 18, "fields": {"name": "\u05d4'", "neighborhood": 7, "address": "\u05d4\u05e2\u05dc\u05d9\u05d9\u05d4 7, \u05d1\u05d0\u05e8 \u05e9\u05d1\u05e2", "network": 1, "hours": "\u05e9\u05e2\u05d5\u05ea \u05e7\u05d1\u05dc\u05d4:\r\n\u05d0' :07:30 - 13:00\r\n16:00 - 19:00\r\n\u05d1' :07:30 - 15:00\r\n\u05d2' :07:30 - 13:00\r\n16:00 - 19:00\r\n\u05d3' :07:30 - 13:00\r\n\u05d4' :07:30 - 13:30\r\n13:30 - 15:00\u05e9\u05d9\u05e8\u05d5\u05ea\u05d9 \u05de\u05e9\u05e8\u05d3 \u05d5\u05d0\u05d7\u05d5\u05ea \u05d1\u05dc\u05d1\u05d3. \u05d0\u05d9\u05df \u05e8\u05d5\u05e4\u05d0\u05d9\u05dd \u05d1\u05de\u05e8\u05e4\u05d0\u05d4.\r\n\u05d5' :08:00 - 12:00\r\n\u05e2\u05e8\u05d1 \u05d7\u05d2 :08:00 - 12:00\r\n\r\n\u05e9\u05d9\u05e8\u05d5\u05ea\u05d9 \u05de\u05e2\u05d1\u05d3\u05d4:\r\n\u05d0' :07:00 - 09:30\r\n\u05d1' :07:00 - 09:30\r\n\u05d2' :07:00 - 09:30\r\n\u05d3' :07:30 - 09:30\r\n\u05d4' :07:00 - 09:30\r\n\r\n\u05e9\u05d9\u05e8\u05d5\u05ea\u05d9 \u05d0\u05d7\u05d5\u05ea:\r\n\u05d0' :09:00 - 13:00\r\n16:00 - 19:00\r\n\u05d1' :09:00 - 13:00\r\n\u05d2' :09:00 - 13:00\r\n16:00 - 19:00\r\n\u05d3' :09:00 - 13:00\r\n\u05d4' :09:00 - 15:00\r\n\u05d5' :08:00 - 12:00", "phone": "08-9112222", "fax": "08-9112228", "email": "", "routes": "3, 9"}}, {"model": "centers.center", "pk": 19, "fields": {"name": "\u05e4\u05e1\u05d2\u05ea \u05e8\u05de\u05d5\u05ea", "neighborhood": 16, "address": "\u05d4\u05e8 \u05db\u05e0\u05e2\u05df 4, \u05d1\u05d0\u05e8 \u05e9\u05d1\u05e2", "network": 1, "hours": "\u05e9\u05e2\u05d5\u05ea \u05e7\u05d1\u05dc\u05d4:\r\n\u05d0' :07:30 - 13:00\r\n16:00 - 19:00\r\n\u05d1' :07:30 - 15:00\u05d1\u05d9\u05de\u05d9 \u05d1' \u05d1\u05d9\u05df \u05d4\u05e9\u05e2\u05d5\u05ea 13:00-15:00 \u05e0\u05d9\u05ea\u05df \u05dc\u05e4\u05e0\u05d5\u05ea \u05dc \u05de\u05e8\u05e4\u05d0\u05d4 \u05dc\u05de\u05e7\u05e8\u05d9\u05dd \u05d3\u05d7\u05d5\u05e4\u05d9\u05dd \u05d1\u05dc\u05d1\u05d3\r\n\u05d2' :07:30 - 13:00\r\n16:00 - 19:00\r\n\u05d3' :07:30 - 13:00\r\n\u05d4' :07:30 - 13:00\r\n16:00 - 19:00\r\n\u05d5' :08:00 - 12:00\r\n\u05e2\u05e8\u05d1 \u05d7\u05d2 :08:00 - 12:00\r\n\r\n\u05e9\u05d9\u05e8\u05d5\u05ea\u05d9 \u05de\u05e2\u05d1\u05d3\u05d4:\r\n\u05d0' :07:00 - 09:30\r\n\u05d1' :07:00 - 09:30\r\n\u05d2' :07:00 - 09:30\r\n\u05d3' :07:00 - 09:30\r\n\u05d4' :07:00 - 09:30\r\n\r\n\u05e9\u05d9\u05e8\u05d5\u05ea\u05d9 \u05d0\u05d7\u05d5\u05ea:\r\n\u05d0' :08:30 - 13:00\r\n16:00 - 19:00\r\n\u05d1' :08:30 - 13:00\r\n\u05d2' :08:30 - 13:00\r\n16:00 - 19:00\r\n\u05d3' :09:30 - 13:00\r\n\u05d4' :08:30 - 13:00\r\n16:00 - 19:00\r\n\u05d5' :08:00 - 12:00", "phone": "08-6240222", "fax": "08-6240238", "email": "", "routes": "4"}}, {"model": "centers.center", "pk": 20, "fields": {"name": "\u05d4\u05d9\u05d7\u05d9\u05d3\u05d4 \u05dc\u05d8\u05d9\u05e4\u05d5\u05dc \u05d1\u05d9\u05ea\u05d9 \u05ea\u05d5\u05de\u05da", "neighborhood": 6, "address": "\u05e9\u05dc\u05de\u05d4 \u05d4\u05de\u05dc\u05da 17, \u05d1\u05d0\u05e8 \u05e9\u05d1\u05e2", "network": 1, "hours": "\u05e9\u05e2\u05d5\u05ea \u05e7\u05d1\u05dc\u05d4:\r\n\u05d0' :08:00 - 16:00\r\n\u05d1' :08:00 - 16:00\r\n\u05d2' :08:00 - 16:00\r\n\u05d3' :08:00 - 16:00\r\n\u05d4' :08:00 - 16:00", "phone": "08-6402606", "fax": "08-6408618", "email": "", "routes": "12"}}, {"model": "centers.center", "pk": 21, "fields": {"name": "\u05e8\u05de\u05d5\u05ea - \u05e8\u05d5\u05e4\u05d0\u05d9\u05dd \u05e2\u05e6\u05de\u05d0\u05d9\u05d9\u05dd", "neighborhood": 16, "address": "\u05d2\u05e8\u05e9\u05d5\u05dd \u05e9\u05dc\u05d5\u05dd 23, \u05d1\u05d0\u05e8 \u05e9\u05d1\u05e2", "network": 1, "hours": "\u05e9\u05e2\u05d5\u05ea \u05e7\u05d1\u05dc\u05d4:\r\n\u05d0' :07:00 - 12:00\r\n16:30 - 20:00\r\n\u05d1' :07:00 - 12:00\r\n16:30 - 20:00\r\n\u05d2' :07:00 - 12:00\r\n16:30 - 20:00\r\n\u05d3' :07:00 - 12:00\r\n16:30 - 20:00\r\n\u05d4' :07:00 - 12:00\r\n16:30 - 20:00\r\n\u05d5' :08:00 - 10:30\r\n\u05e2\u05e8\u05d1 \u05d7\u05d2 :07:00 - 11:00\r\n\r\n\u05e9\u05d9\u05e8\u05d5\u05ea\u05d9 \u05de\u05e2\u05d1\u05d3\u05d4:\r\n\u05d0' :07:00 - 09:00\r\n\u05d1' :07:00 - 09:00\r\n\u05d2' :07:00 - 09:00\r\n\u05d3' :07:00 - 09:00\r\n\u05d4' :07:00 - 09:00\r\n\r\n\u05e9\u05d9\u05e8\u05d5\u05ea\u05d9 \u05d0\u05d7\u05d5\u05ea:\r\n\u05d0' :09:00 - 12:00\r\n16:30 - 20:00\r\n\u05d1' :09:00 - 12:00\r\n\u05d2' :09:00 - 12:00\r\n16:30 - 20:00\r\n\u05d3' :09:00 - 12:00\r\n\u05d4' :09:00 - 12:00\r\n16:30 - 20:00\r\n\u05d5' :08:00 - 10:30", "phone": "08-6246222", "fax": "08-6246228", "email": "", "routes": "24, 34"}}, {"model": "centers.center", "pk": 22, "fields": {"name": "\u05e7\u05e0\u05d9\u05d5\u05df \u05d4\u05e0\u05d2\u05d1 \u05d1\u05d0\u05e8 \u05e9\u05d1\u05e2", "neighborhood": 3, "address": "\u05d1\u05d0\u05e8 \u05e9\u05d1\u05e2, \u05d1\u05df \u05e6\u05d1\u05d9 \u05d9\u05e6\u05d7\u05e7 2", "network": 1, "hours": "", "phone": "*6618, 03-9140154", "fax": "077-3174936", "email": "", "routes": ""}}, {"model": "centers.center", "pk": 23, "fields": {"name": "\u05e0\u05d0\u05d5\u05ea \u05dc\u05d5\u05df", "neighborhood": 11, "address": "\u05e9\u05d5\u05de\u05e8\u05d5\u05df 62, \u05d1\u05d0\u05e8 \u05e9\u05d1\u05e2", "network": 1, "hours": "\u05e9\u05e2\u05d5\u05ea \u05e7\u05d1\u05dc\u05d4:\r\n\u05d0' :07:00 - 11:00\r\n17:00 - 20:00\r\n\u05d1' :07:00 - 10:00\r\n17:00 - 20:00\r\n\u05d2' :07:00 - 10:00\r\n17:00 - 20:00\r\n\u05d3' :07:00 - 10:00\r\n17:00 - 20:00\r\n\u05d4' :07:00 - 10:00\r\n\u05d5' :08:00 - 12:00\r\n\u05e2\u05e8\u05d1 \u05d7\u05d2 :07:00 - 11:00\r\n\r\n\u05e9\u05d9\u05e8\u05d5\u05ea\u05d9 \u05de\u05e2\u05d1\u05d3\u05d4:\r\n\u05d0' :07:00 - 09:30\r\n\u05d1' :07:00 - 09:30\r\n\u05d2' :07:00 - 09:30\r\n\u05d3' :07:00 - 09:30\r\n\u05d4' :07:00 - 09:30\r\n\r\n\u05e9\u05d9\u05e8\u05d5\u05ea\u05d9 \u05d0\u05d7\u05d5\u05ea:\r\n\u05d0' :09:30 - 11:00\r\n17:00 - 20:00\r\n\u05d1' :09:30 - 10:00\r\n17:00 - 20:00\r\n\u05d2' :09:30 - 10:00\r\n17:00 - 20:00\r\n\u05d3' :09:30 - 10:00\r\n17:00 - 20:00\r\n\u05d4' :09:30 - 10:00\r\n\u05d5' :08:00 - 12:00", "phone": "08-6433161", "fax": "08-6433319", "email": "", "routes": "13"}}, {"model": "centers.center", "pk": 24, "fields": {"name": "\u05d1\u05df \u05d2\u05d5\u05e8\u05d9\u05d5\u05df - \u05de\u05e8\u05e4\u05d0\u05ea \u05e1\u05d8\u05d5\u05d3\u05e0\u05d8\u05d9\u05dd", "neighborhood": 6, "address": "\u05d1\u05d0\u05e8 \u05e9\u05d1\u05e2, \u05d1\u05d9\u05ea \u05d4\u05e1\u05d8\u05d5\u05d3\u05e0\u05d8 \u05e7\u05d5\u05de\u05d4 \u05d1'", "network": 1, "hours": "\u05e9\u05e2\u05d5\u05ea \u05e7\u05d1\u05dc\u05d4:\r\n\u05d0' :08:00 - 15:30\r\n\u05d1' :08:00 - 15:30\r\n\u05d2' :08:00 - 15:30\r\n\u05d3' :08:00 - 12:00\r\n\u05d4' :08:00 - 15:30", "phone": "08-6283777", "fax": "08-6270265", "email": "", "routes": "5, 7, 8"}}, {"model": "centers.center", "pk": 25, "fields": {"name": "\u05e1\u05d0\u05dc\u05d3 - \u05de\u05e8\u05db\u05d6 \u05dc\u05e8\u05e4\u05d5\u05d0\u05d4 \u05d9\u05d5\u05e2\u05e6\u05ea", "neighborhood": 5, "address": "\u05d4\u05e0\u05e8\u05d9\u05d9\u05d8\u05d4 \u05e1\u05d5\u05dc\u05d3 1, \u05d1\u05d0\u05e8 \u05e9\u05d1\u05e2, \u05de\u05d5\u05dc \u05d1\u05d9\u05ea \u05d4\u05d9\u05d9\u05e1", "network": 1, "hours": "\u05e9\u05e2\u05d5\u05ea \u05e7\u05d1\u05dc\u05d4:\r\n\u05d0' :07:30 - 19:00\r\n\u05d1' :07:30 - 19:00\r\n\u05d2' :07:30 - 19:00\r\n\u05d3' :07:30 - 19:00\r\n\u05d4' :07:30 - 19:00\r\n\u05d5' :07:30 - 12:00\r\n\u05e2\u05e8\u05d1 \u05d7\u05d2 :08:00 - 12:00", "phone": "08-6292888", "fax": "08-6292816", "email": "", "routes": "5, 13, 4, 11, 14"}}, {"model": "centers.center", "pk": 26, "fields": {"name": "\u05d8\u05d9\u05e4\u05ea \u05d7\u05dc\u05d1 - \u05d0\u05d1\u05d5\u05e8\u05d1\u05d9\u05e2", "neighborhood": 1, "address": "\u05e8\u05d7\u05d5\u05d1 \u05e9\u05dc\u05d5\u05e9\u05ea \u05d1\u05e0\u05d9 \u05e2\u05d9\u05df \u05d7\u05e8\u05d5\u05d3 , \u05d1\u05d0\u05e8 \u05e9\u05d1\u05e2", "network": 5, "hours": "\u05d9\u05d5\u05dd \u05d0':\r\n08:00-14:00\r\n\u05d9\u05d5\u05dd \u05d1':\r\n08:00-14:00\r\n\u05d9\u05d5\u05dd \u05d2':\r\n08:00-14:00\r\n\u05d9\u05d5\u05dd \u05d3':\r\n08:00-14:00\r\n\u05d9\u05d5\u05dd \u05d4':\r\n08:00-14:00\r\n\u05d9\u05d5\u05dd \u05d5':\r\n\u05e1\u05d2\u05d5\u05e8", "phone": "08-6233853, *5400", "fax": "08-6650968", "email": "", "routes": ""}}, {"model": "centers.center", "pk": 27, "fields": {"name": "\u05d8\u05d1\u05e0\u05e7\u05d9\u05df - \u05d8\u05d9\u05e4\u05ea \u05d7\u05dc\u05d1", "neighborhood": 7, "address": "\u05d8\u05d1\u05e0\u05e7\u05d9\u05df", "network": 5, "hours": "\u05d9\u05d5\u05dd \u05d0':\r\n08:00-14:00\r\n\u05d9\u05d5\u05dd \u05d1':\r\n08:00-14:00\r\n\u05d9\u05d5\u05dd \u05d2':\r\n08:00-14:00\r\n\u05d9\u05d5\u05dd \u05d3':\r\n08:00-14:00\r\n\u05d9\u05d5\u05dd \u05d4':\r\n08:00-14:00\r\n\u05d9\u05d5\u05dd \u05d5':\r\n\u05e1\u05d2\u05d5\u05e8", "phone": "08-6411166 , *5400", "fax": "08-6418691", "email": "", "routes": ""}}, {"model": "centers.center", "pk": 28, "fields": {"name": "\u05d9\u05d5\u05e0\u05ea\u05df - \u05d8\u05d9\u05e4\u05ea \u05d7\u05dc\u05d1", "neighborhood": 10, "address": "\u05d4\u05e8\u05d1 \u05e7\u05d5\u05e7 28", "network": 5, "hours": "\u05d9\u05d5\u05dd \u05d0':\r\n08:00-14:00\r\n\u05d9\u05d5\u05dd \u05d1':\r\n08:00-14:00\r\n\u05d9\u05d5\u05dd \u05d2':\r\n08:00-14:00\r\n\u05d9\u05d5\u05dd \u05d3':\r\n08:00-14:00\r\n\u05d9\u05d5\u05dd \u05d4':\r\n08:00-14:00\r\n\u05d9\u05d5\u05dd \u05d5':\r\n\u05e1\u05d2\u05d5\u05e8", "phone": "08-6419677, *5400", "fax": "08-6416643", "email": "", "routes": ""}}, {"model": "centers.center", "pk": 29, "fields": {"name": "\u05e0\u05d5\u05d5\u05d4 \u05d6\u05d0\u05d1 - \u05d8\u05d9\u05e4\u05ea \u05d7\u05dc\u05d1", "neighborhood": 12, "address": "\u05d9\u05d5\u05d4\u05e0\u05d4 \u05d6'\u05d1\u05d5\u05d8\u05d9\u05e0\u05e1\u05e7\u05d9 30", "network": 1, "hours": "\u05d9\u05d5\u05dd \u05d0':\r\n08:00-13:00 \r\n16:00-19:00\r\n\u05d9\u05d5\u05dd \u05d1':\r\n07:30-13:00\r\n\u05d9\u05d5\u05dd \u05d2':\r\n08:00-13:00\r\n\u05d9\u05d5\u05dd \u05d3':\r\n08:00-12:00\r\n\u05d9\u05d5\u05dd \u05d4':\r\n07:30-13:00\r\n\u05d9\u05d5\u05dd \u05d5':\r\n08:00-11:30", "phone": "08-9113228", "fax": "", "email": "", "routes": ""}}, {"model": "centers.center", "pk": 30, "fields": {"name": "\u05e0\u05d5\u05d5\u05d4 \u05d6\u05d0\u05d1 - \u05d8\u05d9\u05e4\u05ea \u05d7\u05dc\u05d1", "neighborhood": 12, "address": "\u05d9\u05d5\u05d4\u05e0\u05d4 \u05d6'\u05d1\u05d5\u05d8\u05d9\u05e0\u05e1\u05e7\u05d9 30", "network": 4, "hours": "\u05d9\u05d5\u05dd \u05d0':\r\n8:00-16:00\r\n\u05d9\u05d5\u05dd \u05d1':\r\n8:00-18:45\r\n\u05d9\u05d5\u05dd \u05d2':\r\n8:00-13:00\r\n\u05d9\u05d5\u05dd \u05d3':\r\n8:00-18:45\r\n\u05d9\u05d5\u05dd \u05d4':\r\n8:00-16:00\r\n\u05d9\u05d5\u05dd \u05d5':\r\n\u05e1\u05d2\u05d5\u05e8", "phone": "08-6416622", "fax": "", "email": "", "routes": ""}}, {"model": "centers.center", "pk": 31, "fields": {"name": "\u05e0\u05d7\u05dc \u05d1\u05e7\u05e2 - \u05d8\u05d9\u05e4\u05ea \u05d7\u05dc\u05d1", "neighborhood": 14, "address": "\u05d2\u05d9\u05d1\u05ea\u05d5\u05df \u2013 \u05de\u05e7\u05dc\u05d8 10", "network": 5, "hours": "\u05d9\u05d5\u05dd \u05d0':\r\n08:00-13:30\r\n\u05d9\u05d5\u05dd \u05d1':\r\n08:00-13:30\r\n\u05d9\u05d5\u05dd \u05d2':\r\n08:00-13:30\r\n\u05d9\u05d5\u05dd \u05d3':\r\n08:00-13:30\r\n\u05d9\u05d5\u05dd \u05d4':\r\n08:00-13:30\r\n\u05d9\u05d5\u05dd \u05d5':\r\n\u05e1\u05d2\u05d5\u05e8", "phone": "08-6279768 , *5400", "fax": "08-6230652", "email": "", "routes": ""}}, {"model": "centers.center", "pk": 32, "fields": {"name": "\u05e8\u05de\u05d5\u05ea - \u05d8\u05d9\u05e4\u05ea \u05d7\u05dc\u05d1", "neighborhood": 16, "address": "\u05e7\u05d4\u05d9\u05e8\u05d9 1", "network": 5, "hours": "\u05d9\u05d5\u05dd \u05d0':\r\n08:00-14:00\r\n\u05d9\u05d5\u05dd \u05d1':\r\n08:00-14:00\r\n\u05d9\u05d5\u05dd \u05d2':\r\n08:00-14:00\r\n\u05d9\u05d5\u05dd \u05d3':\r\n08:00-14:00\r\n\u05d9\u05d5\u05dd \u05d4':\r\n08:00-14:00\r\n\u05d9\u05d5\u05dd \u05d5':\r\n\u05e1\u05d2\u05d5\u05e8", "phone": "08-6481257 , *5400", "fax": "08-6481067", "email": "", "routes": ""}}, {"model": "centers.center", "pk": 33, "fields": {"name": "\u05ea\u05d7\u05e0\u05d4 \u05d2' - \u05d8\u05d9\u05e4\u05ea \u05d7\u05dc\u05d1", "neighborhood": 5, "address": "\u05d5\u05d9\u05e0\u05d2\u05d9\u05d9\u05d8 8", "network": 5, "hours": "\u05d9\u05d5\u05dd \u05d0':\r\n08:00-14:00\r\n\u05d9\u05d5\u05dd \u05d1':\r\n08:00-14:00\r\n\u05d9\u05d5\u05dd \u05d2':\r\n08:00-14:00\r\n\u05d9\u05d5\u05dd \u05d3':\r\n08:00-14:00\r\n\u05d9\u05d5\u05dd \u05d4':\r\n08:00-14:00\r\n\u05d9\u05d5\u05dd \u05d5':\r\n\u05e1\u05d2\u05d5\u05e8", "phone": "08- 6233875 , *5400", "fax": "08-6230092", "email": "", "routes": ""}}, {"model": "centers.center", "pk": 34, "fields": {"name": "\u05ea\u05d7\u05e0\u05d4 \u05d5' - \u05d8\u05d9\u05e4\u05ea \u05d7\u05dc\u05d1", "neighborhood": 4, "address": "\u05d4\u05d5\u05d1\u05e8\u05de\u05df 7", "network": 5, "hours": "\u05d9\u05d5\u05dd \u05d0':\r\n08:00-17:00\r\n\u05d9\u05d5\u05dd \u05d1':\r\n08:00-14:00\r\n\u05d9\u05d5\u05dd \u05d2':\r\n08:00-14:00\r\n\u05d9\u05d5\u05dd \u05d3':\r\n08:00-14:00\r\n\u05d9\u05d5\u05dd \u05d4':\r\n08:00-14:00\r\n\u05d9\u05d5\u05dd \u05d5':\r\n\u05e1\u05d2\u05d5\u05e8", "phone": "08-6433511, *5400", "fax": "08-6416297", "email": "", "routes": ""}}, {"model": "centers.center", "pk": 35, "fields": {"name": "\u05ea\u05d7\u05e0\u05d4 \u05d8' - \u05d8\u05d9\u05e4\u05ea \u05d7\u05dc\u05d1", "neighborhood": 9, "address": "\u05d9\u05e8\u05d5\u05e9\u05dc\u05d9\u05dd 32", "network": 5, "hours": "\u05d9\u05d5\u05dd \u05d0':\r\n08:00-14:00\r\n\u05d9\u05d5\u05dd \u05d1':\r\n08:00-14:00\r\n\u05d9\u05d5\u05dd \u05d2':\r\n08:00-14:00 \u05d0\u05d7\u05ea \u05dc\u05e9\u05d1\u05d5\u05e2\u05d9\u05d9\u05dd 10:00-17:00\r\n\u05d9\u05d5\u05dd \u05d3':\r\n08:00-14:00\r\n\u05d9\u05d5\u05dd \u05d4':\r\n08:00-14:00\r\n\u05d9\u05d5\u05dd \u05d5':\r\n\u05e1\u05d2\u05d5\u05e8", "phone": "08-6109243 , *5400", "fax": "08-6100641", "email": "", "routes": ""}}, {"model": "centers.center", "pk": 36, "fields": {"name": "\u05ea\u05d7\u05e0\u05d4 \u05d9\"\u05d3 - \u05d8\u05d9\u05e4\u05ea \u05d7\u05dc\u05d1", "neighborhood": 6, "address": "\u05e1\u05e0\u05d4\u05d3\u05e8\u05d9\u05df 113", "network": 5, "hours": "\u05d9\u05d5\u05dd \u05d0':\r\n07:30-14:30\r\n\u05d9\u05d5\u05dd \u05d1':\r\n07:30-14:30\r\n\u05d9\u05d5\u05dd \u05d2':\r\n07:30-14:30\r\n\u05d9\u05d5\u05dd \u05d3':\r\n07:30-14:30\r\n\u05d9\u05d5\u05dd \u05d4':\r\n07:30-14:30\r\n\u05d9\u05d5\u05dd \u05d5':\r\n\u05e1\u05d2\u05d5\u05e8", "phone": "08-6413897 , *5400", "fax": "08-6412376", "email": "", "routes": ""}}, {"model": "centers.center", "pk": 37, "fields": {"name": "\u05de\u05e8\u05e4\u05d0\u05ea \u05de\u05d0\u05d5\u05d7\u05d3\u05ea", "neighborhood": 5, "address": "\u05d5\u05d9\u05e0\u05d2\u05d9\u05d9\u05d8 63, \u05d1\u05d0\u05e8 \u05e9\u05d1\u05e2", "network": 3, "hours": "\u05e9\u05e2\u05d5\u05ea \u05e4\u05e2\u05d9\u05dc\u05d5\u05ea\r\n\u05d9\u05de\u05d9\u05dd \u05d0', \u05d1', \u05d3', \u05d4'   8:00 - 19:00\r\n\u05d9\u05d5\u05dd \u05d2'   8:00 - 16:00\r\n\u05d9\u05d5\u05dd \u05d5'   8:00 - 12:00", "phone": "08-6261555", "fax": "", "email": "", "routes": ""}}, {"model": "centers.center", "pk": 38, "fields": {"name": "\u05de\u05e8\u05db\u05d6 \u05e8\u05e4\u05d5\u05d0\u05d9 \u05d1\u05d0\u05e8-\u05e9\u05d1\u05e2 \u05e9\u05db\u05d5\u05e0\u05d4 \u05d8", "neighborhood": 9, "address": "\u05d1\u05d9\u05ea \u05d0\u05dc 31, \u05d1\u05d0\u05e8 \u05e9\u05d1\u05e2", "network": 4, "hours": "\u05e9\u05e2\u05d5\u05ea \u05e4\u05e2\u05d9\u05dc\u05d5\u05ea:\r\n\u05d0 ,\u05d1 ,\u05d4 : 08-12\r\n\u05d1 : 08-12\r\n\u05d2 - \u05d3: 08-12\r\n16-18", "phone": "08-6258760", "fax": "073-2284757", "email": "", "routes": ""}}, {"model": "centers.center", "pk": 39, "fields": {"name": "\u05de\u05e8\u05db\u05d6 \u05e8\u05e4\u05d5\u05d0\u05d9 \u05e0\u05d2\u05d1", "neighborhood": 5, "address": "\u05d4\u05ea\u05e7\u05d5\u05d4 4, \u05d1\u05d0\u05e8 \u05e9\u05d1\u05e2", "network": 4, "hours": "\u05d0 ,\u05d1 ,\u05d3: 08-12\r\n16-18\r\n\u05d2 , \u05d4 : 08-12", "phone": "08-6267222", "fax": "073-2284759", "email": "", "routes": ""}}, {"model": "centers.center", "pk": 40, "fields": {"name": "\u05de\u05e8\u05e4\u05d0\u05ea \u05d0\u05e1\u05d9\u05d0 \u05e9\u05db\u05d5\u05e0\u05ea \u05e8\u05de\u05d5\u05ea", "neighborhood": 16, "address": "\u05d4\u05d3\u05e2\u05ea 101, \u05d1\u05d0\u05e8 \u05e9\u05d1\u05e2", "network": 4, "hours": "\u05d1 , \u05d2 , \u05d4 : 08-10", "phone": "08-9230514", "fax": "08-9230485", "email": "", "routes": ""}}, {"model": "centers.center", "pk": 41, "fields": {"name": "\u05de\u05db\u05d1\u05d9 \u05d1\u05d0\u05e8 \u05e9\u05d1\u05e2 \u05e9\u05db\u05d5\u05e0\u05d4 \u05d9\u05d0'", "neighborhood": 10, "address": "\u05d4\u05e8\u05d1 \u05d4\u05e8\u05e6\u05d5\u05d2 2, \u05d1\u05d0\u05e8 \u05e9\u05d1\u05e2", "network": 4, "hours": "", "phone": "08-6102757", "fax": "08-6102760", "email": "", "routes": ""}}, {"model": "centers.center", "pk": 42, "fields": {"name": "\u05d1\u05d0\u05e8 \u05e9\u05d1\u05e2", "neighborhood": 5, "address": "\u05d1\u05d0\u05e8 \u05e9\u05d1\u05e2, \u05e7\u05e0\u05d9\u05d5\u05df \u05d4\u05e0\u05d2\u05d1 \u05e7\u05d5\u05de\u05d4 4", "network": 2, "hours": "", "phone": "08-6203600", "fax": "08-6203603", "email": "", "routes": ""}}, {"model": "centers.center", "pk": 43, "fields": {"name": "\u05d1\u05d0\u05e8 \u05e9\u05d1\u05e2-\u05e8\u05de\u05d5\u05ea", "neighborhood": 16, "address": "\u05d1\u05d0\u05e8 \u05e9\u05d1\u05e2, \u05e9\u05d9\u05e0\u05d3\u05dc\u05e8 \u05d0\u05d5\u05e1\u05e7\u05e8 30", "network": 2, "hours": "", "phone": "08-9908800", "fax": "08-9908808", "email": "", "routes": ""}}, {"model": "centers.center", "pk": 44, "fields": {"name": "\u05d2\u05d9\u05dc\u05ea \u05d1\"\u05e9 \u05d3'", "neighborhood": 6, "address": "\u05d1\u05d0\u05e8 \u05e9\u05d1\u05e2, \u05d0\u05dc\u05d9\u05d4\u05d5 \u05d4\u05e0\u05d1\u05d9\u05d0 2", "network": 2, "hours": "", "phone": "08-6406700", "fax": "08-6406706", "email": "", "routes": ""}}, {"model": "centers.center", "pk": 45, "fields": {"name": "\u05e0\u05d5\u05d5\u05d4 \u05d6\u05d0\u05d1", "neighborhood": 12, "address": "\u05d1\u05d0\u05e8 \u05e9\u05d1\u05e2, \u05d1\u05e8\u05e9 \u05d0\u05e9\u05e8 9", "network": 2, "hours": "", "phone": "08-6471555", "fax": "08-6471500", "email": "", "routes": ""}}, {"model": "centers.center", "pk": 46, "fields": {"name": "\u05e0\u05d7\u05dc \u05e2\u05e9\u05df", "neighborhood": 15, "address": "\u05d1\u05d0\u05e8 \u05e9\u05d1\u05e2, \u05d4\u05d7\u05e9\u05de\u05d5\u05e0\u05d0\u05d9\u05dd 15", "network": 2, "hours": "", "phone": "08-6468300", "fax": "08-6468303", "email": "", "routes": ""}}, {"model": "centers.center", "pk": 47, "fields": {"name": "\u05e7\u05e0\u05d9\u05d5\u05df \u05e9\u05d0\u05d5\u05dc \u05d4\u05de\u05dc\u05da", "neighborhood": 10, "address": "\u05d1\u05d0\u05e8 \u05e9\u05d1\u05e2, \u05e9\u05d0\u05d5\u05dc \u05d4\u05de\u05dc\u05da 80", "network": 2, "hours": "", "phone": "08-9987800", "fax": "08-9987808", "email": "", "routes": ""}}, {"model": "centers.center", "pk": 48, "fields": {"name": "\u05e8\u05d2\u05e8", "neighborhood": 4, "address": "\u05d1\u05d0\u05e8 \u05e9\u05d1\u05e2, \u05db\u05d4\u05df \u05d9\u05e2\u05e7\u05d1 6", "network": 2, "hours": "", "phone": "08-6268666", "fax": "08-6268639", "email": "", "routes": ""}}]