[{"model": "centers.city", "pk": 1, "fields": {"name": "\u05d1\u05d0\u05e8 \u05e9\u05d1\u05e2"}}, {"model": "centers.city", "pk": 2, "fields": {"name": "\u05ea\u05dc \u05d0\u05d1\u05d9\u05d1"}}, {"model": "centers.neighborhood", "pk": 1, "fields": {"city": 1, "name": "\u05d4\u05e2\u05d9\u05e8 \u05d4\u05e2\u05ea\u05d9\u05e7\u05d4", "visible": true}}, {"model": "centers.neighborhood", "pk": 2, "fields": {"city": 1, "name": "\u05e9\u05db\u05d5\u05e0\u05ea \u05d3\u05e8\u05d5\u05dd", "visible": true}}, {"model": "centers.neighborhood", "pk": 3, "fields": {"city": 1, "name": "\u05e9\u05db\u05d5\u05e0\u05d4 \u05d0", "visible": true}}, {"model": "centers.neighborhood", "pk": 4, "fields": {"city": 1, "name": "\u05e9\u05db\u05d5\u05e0\u05d4 \u05d1", "visible": true}}, {"model": "centers.neighborhood", "pk": 5, "fields": {"city": 1, "name": "\u05e9\u05db\u05d5\u05e0\u05d4 \u05d2", "visible": true}}, {"model": "centers.neighborhood", "pk": 6, "fields": {"city": 1, "name": "\u05e9\u05db\u05d5\u05e0\u05d4 \u05d3", "visible": true}}, {"model": "centers.neighborhood", "pk": 7, "fields": {"city": 1, "name": "\u05e9\u05db\u05d5\u05e0\u05d4 \u05d4", "visible": true}}, {"model": "centers.neighborhood", "pk": 8, "fields": {"city": 1, "name": "\u05e9\u05db\u05d5\u05e0\u05d4 \u05d5", "visible": true}}, {"model": "centers.neighborhood", "pk": 9, "fields": {"city": 1, "name": "\u05e9\u05db\u05d5\u05e0\u05d4 \u05d8", "visible": true}}, {"model": "centers.neighborhood", "pk": 10, "fields": {"city": 1, "name": "\u05e9\u05db\u05d5\u05e0\u05d4 \u05d9\"\u05d0", "visible": true}}, {"model": "centers.neighborhood", "pk": 11, "fields": {"city": 1, "name": "\u05e0\u05d0\u05d5\u05ea \u05dc\u05d5\u05df", "visible": true}}, {"model": "centers.neighborhood", "pk": 12, "fields": {"city": 1, "name": "\u05e0\u05d5\u05d5\u05d4 \u05d6\u05d0\u05d1", "visible": true}}, {"model": "centers.neighborhood", "pk": 13, "fields": {"city": 1, "name": "\u05e0\u05d5\u05d5\u05d4 \u05e0\u05d5\u05d9", "visible": true}}, {"model": "centers.neighborhood", "pk": 14, "fields": {"city": 1, "name": "\u05e0\u05d7\u05dc \u05d1\u05e7\u05e2", "visible": true}}, {"model": "centers.neighborhood", "pk": 15, "fields": {"city": 1, "name": "\u05e0\u05d7\u05dc \u05e2\u05e9\u05df", "visible": true}}, {"model": "centers.neighborhood", "pk": 16, "fields": {"city": 1, "name": "\u05e8\u05de\u05d5\u05ea", "visible": true}}, {"model": "centers.neighborhood", "pk": 17, "fields": {"city": 1, "name": "\u05e0\u05d0\u05d5\u05ea \u05d0\u05d1\u05e8\u05d4\u05dd", "visible": true}}, {"model": "centers.neighborhood", "pk": 18, "fields": {"city": 1, "name": "\u05e0\u05d5\u05d5\u05d4 \u05d0\u05d9\u05dc\u05df", "visible": true}}, {"model": "centers.neighborhood", "pk": 19, "fields": {"city": 1, "name": "\u05e9\u05db\u05d5\u05e0\u05ea \u05e7\u05e8\u05d9\u05d9\u05ea \u05d2\u05e0\u05d9\u05dd", "visible": true}}, {"model": "centers.neighborhood", "pk": 20, "fields": {"city": 1, "name": "\u05e9\u05db\u05d5\u05e0\u05ea \u05d4\u05db\u05dc\u05e0\u05d9\u05d5\u05ea", "visible": true}}, {"model": "centers.neighborhood", "pk": 21, "fields": {"city": 1, "name": "\u05e9\u05db\u05d5\u05e0\u05ea \u05e1\u05d9\u05d2\u05dc\u05d9\u05d5\u05ea", "visible": true}}, {"model": "centers.neighborhood", "pk": 22, "fields": {"city": 1, "name": "\u05e4\u05d0\u05e8\u05e7 \u05d4\u05e0\u05d7\u05dc", "visible": true}}, {"model": "centers.neighborhood", "pk": 23, "fields": {"city": 2, "name": "\u05e8\u05de\u05ea \u05d0\u05d1\u05d9\u05d1", "visible": true}}, {"model": "centers.network", "pk": 1, "fields": {"name": "\u05db\u05dc\u05dc\u05d9\u05ea"}}, {"model": "centers.network", "pk": 2, "fields": {"name": "\u05dc\u05d0\u05d5\u05de\u05d9\u05ea"}}, {"model": "centers.network", "pk": 3, "fields": {"name": "\u05de\u05d0\u05d5\u05d7\u05d3\u05ea"}}, {"model": "centers.network", "pk": 4, "fields": {"name": "\u05de\u05db\u05d1\u05d9"}}, {"model": "centers.network", "pk": 5, "fields": {"name": "\u05de\u05e9\u05e8\u05d3 \u05d4\u05d1\u05e8\u05d9\u05d0\u05d5\u05ea"}}, {"model": "centers.center", "pk": 1, "fields": {"name": "\u05d4\u05d9\u05d7\u05d9\u05d3\u05d4 \u05dc\u05d8\u05d9\u05e4\u05d5\u05dc \u05d1\u05d9\u05ea\u05d9 \u05ea\u05d5\u05de\u05da", "neighborhood": 6, "address": "\u05e9\u05dc\u05de\u05d4 \u05d4\u05de\u05dc\u05da 17, \u05d1\u05d0\u05e8 \u05e9\u05d1\u05e2", "network": 1, "hours": "\u05d0-\u05d5: 08:00 - 13:00", "phone": "08-6402606", "fax": "08-6408618", "email": "", "routes": "\u05e7\u05d5\u05d5\u05d9 \u05d0\u05d5\u05d8\u05d5\u05d1\u05d5\u05e1:12", "long": "34.79697900", "lat": "31.25968200"}}, {"model": "centers.center", "pk": 2, "fields": {"name": "\u05d4\u05e9\u05dc\u05d5\u05dd", "neighborhood": 5, "address": "\u05d4\u05e0\u05e8\u05d9\u05d9\u05d8\u05d4 \u05e1\u05d5\u05dc\u05d3 1", "network": 1, "hours": "\u05d0-\u05d5: 08:00 - 13:00", "phone": "08-6251222", "fax": "08-6251228", "email": "", "routes": "\u05e7\u05d5\u05d5\u05d9 \u05d0\u05d5\u05d8\u05d5\u05d1\u05d5\u05e1:5,4,13,14,11", "long": "34.80239550", "lat": "31.24724070"}}, {"model": "centers.center", "pk": 3, "fields": {"name": "\u05d1\u05df \u05d9\u05d0\u05d9\u05e8", "neighborhood": 4, "address": "\u05d7\u05d9\u05d9\u05dd \u05e0\u05d7\u05de\u05df \u05d1\u05d9\u05d0\u05dc\u05d9\u05e7 26, \u05d1\u05d0\u05e8 \u05e9\u05d1\u05e2, \u05e9\u05db\u05d5\u05e0\u05d4 \u05d1'", "network": 1, "hours": "\u05d0-\u05d5: 08:00 - 13:00", "phone": "08-6438570, 08-6438571", "fax": "08-6434858", "email": "", "routes": "6", "long": "34.79165690", "lat": "31.25432450"}}, {"model": "centers.center", "pk": 5, "fields": {"name": "\u05d9\u05e1\u05e7\u05d9", "neighborhood": 6, "address": "\u05d3\u05d5\u05d3 \u05d4\u05de\u05dc\u05da 8, \u05d1\u05d0\u05e8 \u05e9\u05d1\u05e2, \u05e1\u05de\u05d5\u05da \u05dc\u05de\u05e8\u05db\u05d6 \u05d7\u05e0\u05d5\u05d9\u05d5\u05ea \u05d2\u05d9\u05dc\u05ea", "network": 1, "hours": "\u05d0-\u05d5: 08:00 - 13:00", "phone": "08-6407777", "fax": "08-6407773", "email": "", "routes": "7", "long": "34.79317810", "lat": "31.26441910"}}, {"model": "centers.center", "pk": 6, "fields": {"name": "\u05de\u05e8\u05e4\u05d0\u05d4 \u05ea\u05e2\u05e1\u05d5\u05e7\u05ea\u05d9\u05ea", "neighborhood": 6, "address": "\u05d9\u05d5\u05e1\u05e3 \u05e7\u05dc\u05d0\u05d5\u05d6\u05e0\u05e8 6, \u05d1\u05d0\u05e8 \u05e9\u05d1\u05e2", "network": 1, "hours": "\u05d0-\u05d5: 08:00 - 13:00", "phone": "08-6243222", "fax": "08-6243238", "email": "", "routes": "8", "long": "34.80003720", "lat": "31.26733490"}}, {"model": "centers.center", "pk": 7, "fields": {"name": "\u05d0\u05dc\u05d5\u05df", "neighborhood": 3, "address": "\u05db\u05d9\u05db\u05e8 \u05d0\u05dc\u05d9\u05e2\u05d6\u05e8 \u05e7\u05e4\u05dc\u05df 8, \u05d1\u05d0\u05e8 \u05e9\u05d1\u05e2, \u05e6\u05de\u05d5\u05d3 \u05dc\u05de\u05d2\u05df \u05d3\u05d5\u05d3 \u05d0\u05d3\u05d5\u05dd", "network": 1, "hours": "\u05d0-\u05d5: 08:00 - 13:00", "phone": "08-6201222", "fax": "08-6201237", "email": "", "routes": "3, 9", "long": "34.79083830", "lat": "31.24902280"}}, {"model": "centers.center", "pk": 8, "fields": {"name": "\u05d0\u05d5\u05e8\u05df (\u05d3' \u05e6\u05e4\u05d5\u05df)", "neighborhood": 6, "address": "\u05d0\u05d1\u05e8\u05d4\u05dd \u05d0\u05d1\u05d9\u05e0\u05d5 97, \u05d1\u05d0\u05e8 \u05e9\u05d1\u05e2", "network": 1, "hours": "\u05d0-\u05d5: 08:00 - 13:00", "phone": "08-6241222", "fax": "08-6241228", "email": "", "routes": "8", "long": "34.79598050", "lat": "31.27036950"}}, {"model": "centers.center", "pk": 9, "fields": {"name": "\u05de\u05e6\u05d3\u05d4", "neighborhood": 8, "address": "\u05de\u05d1\u05e6\u05e2 \u05e2\u05d5\u05d1\u05d3\u05d4 5, \u05d1\u05d0\u05e8 \u05e9\u05d1\u05e2", "network": 1, "hours": "\u05d0-\u05d5: 08:00 - 13:00", "phone": "08-6475222", "fax": "08-6475253", "email": "", "routes": "12, 3\u05d0", "long": "34.77934910", "lat": "31.25942450"}}, {"model": "centers.center", "pk": 10, "fields": {"name": "\u05d9\u05d0'", "neighborhood": 10, "address": "\u05e8\u05d7\u05d1\u05ea \u05d4\u05e9\u05dc\"\u05d4 18, \u05d1\u05d0\u05e8 \u05e9\u05d1\u05e2", "network": 1, "hours": "\u05d0-\u05d5: 08:00 - 13:00", "phone": "08-6475555", "fax": "08-6475505", "email": "", "routes": "9", "long": "34.76949700", "lat": "31.25707070"}}, {"model": "centers.center", "pk": 11, "fields": {"name": "\u05d8'", "neighborhood": 9, "address": "\u05e9\u05d3\u05e8\u05d5\u05ea \u05d9\u05e8\u05d5\u05e9\u05dc\u05d9\u05dd 29, \u05d1\u05d0\u05e8 \u05e9\u05d1\u05e2", "network": 1, "hours": "\u05d0-\u05d5: 08:00 - 13:00", "phone": "08-6476222", "fax": "08-6476200", "email": "", "routes": "13, 25", "long": "34.77697360", "lat": "31.24582320"}}, {"model": "centers.center", "pk": 12, "fields": {"name": "\u05e9\u05ea\u05dc", "neighborhood": 1, "address": "\u05e1\u05de\u05d9\u05dc\u05e0\u05e1\u05e7\u05d9 79, \u05d1\u05d0\u05e8 \u05e9\u05d1\u05e2", "network": 1, "hours": "\u05d0-\u05d5: 08:00 - 13:00", "phone": "08-6254222", "fax": "08-6254238", "email": "", "routes": "5", "long": "34.78354120", "lat": "31.24017780"}}, {"model": "centers.center", "pk": 13, "fields": {"name": "\u05d5\u05d9\u05e0\u05d2\u05d9\u05d9\u05d8", "neighborhood": 5, "address": "\u05d7\u05e0\u05d4 \u05e1\u05e0\u05e9 3, \u05d1\u05d0\u05e8 \u05e9\u05d1\u05e2", "network": 1, "hours": "\u05d0-\u05d5: 08:00 - 13:00", "phone": "08-6207222", "fax": "08-6207218", "email": "", "routes": "5, 4", "long": "34.80953850", "lat": "31.25699170"}}, {"model": "centers.center", "pk": 14, "fields": {"name": "\u05de\u05e8\u05db\u05d6 \u05e8\u05e4\u05d5\u05d0\u05d9 \u05e1\u05d5\u05e8\u05d5\u05e7\u05d4", "neighborhood": 3, "address": "\u05d9\u05e6\u05d7\u05e7 \u05e8\u05d2\u05e8 1, \u05d1\u05d0\u05e8 \u05e9\u05d1\u05e2", "network": 1, "hours": "\u05d0-\u05d5: 08:00 - 13:00", "phone": "08-6400111", "fax": "", "email": "", "routes": "4, 5, 7, 8.16", "long": "34.79408550", "lat": "31.24424760"}}, {"model": "centers.center", "pk": 15, "fields": {"name": "\u05d4\u05e9\u05dc\u05d5\u05dd", "neighborhood": 3, "address": "\u05d4\u05e0\u05e8\u05d9\u05d9\u05d8\u05d4 \u05e1\u05d5\u05dc\u05d3 1, \u05d1\u05d0\u05e8 \u05e9\u05d1\u05e2, \u05d1\u05d1\u05e0\u05d9\u05d9\u05df \u05d4\u05e1\u05d5\u05db\u05e0\u05d5\u05ea \u05d4\u05d9\u05d4\u05d5\u05d3\u05d9\u05ea \u05de\u05d5\u05dc \u05de\u05e8\u05db\u05d6 \u05e1\u05d0\u05dc\u05d3 \u05dc\u05e8\u05e4\u05d5\u05d0\u05d4 \u05d9\u05d5\u05e2\u05e6\u05ea", "network": 1, "hours": "\u05d0-\u05d5: 08:00 - 13:00", "phone": "08-6251222", "fax": "08-6251228", "email": "", "routes": "4, 5", "long": "34.80223200", "lat": "31.24761900"}}, {"model": "centers.center", "pk": 16, "fields": {"name": "\u05e0\u05d5\u05d5\u05d4 \u05d6\u05d0\u05d1", "neighborhood": 12, "address": "\u05e9\u05d3\u05e8\u05d5\u05ea \u05d9\u05d5\u05d4\u05e0\u05d4 \u05d6'\u05d1\u05d5\u05d8\u05d9\u05e0\u05e1\u05e7\u05d9 30, \u05d1\u05d0\u05e8 \u05e9\u05d1\u05e2, \u05e7\u05e0\u05d9\u05d5\u05df \u05e0\u05d5\u05d5\u05d4 \u05d6\u05d0\u05d1", "network": 1, "hours": "\u05d0-\u05d5: 08:00 - 13:00", "phone": "08-9113222", "fax": "08-9113228", "email": "", "routes": "7, 14 ,25", "long": "34.77372700", "lat": "31.23842200"}}, {"model": "centers.center", "pk": 17, "fields": {"name": "\u05e0\u05d5\u05d5\u05d4 \u05e0\u05d5\u05d9", "neighborhood": 13, "address": "\u05e9\u05d9\u05d8\u05d4 42, \u05d1\u05d0\u05e8 \u05e9\u05d1\u05e2", "network": 1, "hours": "\u05d0-\u05d5: 08:00 - 13:00", "phone": "08-6269222", "fax": "08-6269228", "email": "", "routes": "2", "long": "34.79094700", "lat": "31.23107400"}}, {"model": "centers.center", "pk": 18, "fields": {"name": "\u05d4'", "neighborhood": 7, "address": "\u05d4\u05e2\u05dc\u05d9\u05d9\u05d4 7, \u05d1\u05d0\u05e8 \u05e9\u05d1\u05e2", "network": 1, "hours": "\u05d0-\u05d5: 08:00 - 13:00", "phone": "08-9112222", "fax": "08-9112228", "email": "", "routes": "3, 9", "long": "34.78211820", "lat": "31.25073430"}}, {"model": "centers.center", "pk": 19, "fields": {"name": "\u05e4\u05e1\u05d2\u05ea \u05e8\u05de\u05d5\u05ea", "neighborhood": 16, "address": "\u05d4\u05e8 \u05db\u05e0\u05e2\u05df 4, \u05d1\u05d0\u05e8 \u05e9\u05d1\u05e2", "network": 1, "hours": "\u05d0-\u05d5: 08:00 - 13:00", "phone": "08-6240222", "fax": "08-6240238", "email": "", "routes": "4", "long": "34.81438260", "lat": "31.27478610"}}, {"model": "centers.center", "pk": 20, "fields": {"name": "\u05d4\u05d9\u05d7\u05d9\u05d3\u05d4 \u05dc\u05d8\u05d9\u05e4\u05d5\u05dc \u05d1\u05d9\u05ea\u05d9 \u05ea\u05d5\u05de\u05da", "neighborhood": 6, "address": "\u05e9\u05dc\u05de\u05d4 \u05d4\u05de\u05dc\u05da 17, \u05d1\u05d0\u05e8 \u05e9\u05d1\u05e2", "network": 1, "hours": "\u05d0-\u05d5: 08:00 - 13:00", "phone": "08-6402606", "fax": "08-6408618", "email": "", "routes": "12", "long": "34.79697900", "lat": "31.25968200"}}, {"model": "centers.center", "pk": 21, "fields": {"name": "\u05e8\u05de\u05d5\u05ea - \u05e8\u05d5\u05e4\u05d0\u05d9\u05dd \u05e2\u05e6\u05de\u05d0\u05d9\u05d9\u05dd", "neighborhood": 16, "address": "\u05d2\u05e8\u05e9\u05d5\u05dd \u05e9\u05dc\u05d5\u05dd 23, \u05d1\u05d0\u05e8 \u05e9\u05d1\u05e2", "network": 1, "hours": "\u05d0-\u05d5: 08:00 - 13:00", "phone": "08-6246222", "fax": "08-6246228", "email": "", "routes": "24, 34", "long": "34.80506740", "lat": "31.27076030"}}, {"model": "centers.center", "pk": 22, "fields": {"name": "\u05e7\u05e0\u05d9\u05d5\u05df \u05d4\u05e0\u05d2\u05d1 \u05d1\u05d0\u05e8 \u05e9\u05d1\u05e2", "neighborhood": 3, "address": "\u05d1\u05d0\u05e8 \u05e9\u05d1\u05e2, \u05d1\u05df \u05e6\u05d1\u05d9 \u05d9\u05e6\u05d7\u05e7 2", "network": 1, "hours": "\u05d0-\u05d5: 08:00 - 13:00", "phone": "*6618, 03-9140154", "fax": "077-3174936", "email": "", "routes": "", "long": "34.79548490", "lat": "31.24413000"}}, {"model": "centers.center", "pk": 23, "fields": {"name": "\u05e0\u05d0\u05d5\u05ea \u05dc\u05d5\u05df", "neighborhood": 11, "address": "\u05e9\u05d5\u05de\u05e8\u05d5\u05df 62, \u05d1\u05d0\u05e8 \u05e9\u05d1\u05e2", "network": 1, "hours": "\u05d0-\u05d5: 08:00 - 13:00", "phone": "08-6433161", "fax": "08-6433319", "email": "", "routes": "13", "long": "34.76540200", "lat": "31.24570000"}}, {"model": "centers.center", "pk": 24, "fields": {"name": "\u05d1\u05df \u05d2\u05d5\u05e8\u05d9\u05d5\u05df - \u05de\u05e8\u05e4\u05d0\u05ea \u05e1\u05d8\u05d5\u05d3\u05e0\u05d8\u05d9\u05dd", "neighborhood": 6, "address": "\u05d1\u05d0\u05e8 \u05e9\u05d1\u05e2, \u05d1\u05d9\u05ea \u05d4\u05e1\u05d8\u05d5\u05d3\u05e0\u05d8 \u05e7\u05d5\u05de\u05d4 \u05d1'", "network": 1, "hours": "\u05d0-\u05d5: 08:00 - 13:00", "phone": "08-6283777", "fax": "08-6270265", "email": "", "routes": "5, 7, 8", "long": "34.80195170", "lat": "31.26308420"}}, {"model": "centers.center", "pk": 25, "fields": {"name": "\u05e1\u05d0\u05dc\u05d3 - \u05de\u05e8\u05db\u05d6 \u05dc\u05e8\u05e4\u05d5\u05d0\u05d4 \u05d9\u05d5\u05e2\u05e6\u05ea", "neighborhood": 5, "address": "\u05d4\u05e0\u05e8\u05d9\u05d9\u05d8\u05d4 \u05e1\u05d5\u05dc\u05d3 1, \u05d1\u05d0\u05e8 \u05e9\u05d1\u05e2, \u05de\u05d5\u05dc \u05d1\u05d9\u05ea \u05d4\u05d9\u05d9\u05e1", "network": 1, "hours": "\u05d0-\u05d5: 08:00 - 13:00", "phone": "08-6292888", "fax": "08-6292816", "email": "", "routes": "5, 13, 4, 11, 14", "long": "34.80230710", "lat": "31.24749960"}}, {"model": "centers.center", "pk": 26, "fields": {"name": "\u05d8\u05d9\u05e4\u05ea \u05d7\u05dc\u05d1 - \u05d0\u05d1\u05d5\u05e8\u05d1\u05d9\u05e2", "neighborhood": 1, "address": "\u05e8\u05d7\u05d5\u05d1 \u05e9\u05dc\u05d5\u05e9\u05ea \u05d1\u05e0\u05d9 \u05e2\u05d9\u05df \u05d7\u05e8\u05d5\u05d3 , \u05d1\u05d0\u05e8 \u05e9\u05d1\u05e2", "network": 5, "hours": "\u05d0-\u05d5: 08:00 - 13:00", "phone": "08-6233853, *5400", "fax": "08-6650968", "email": "", "routes": "", "long": "34.79179840", "lat": "31.23842510"}}, {"model": "centers.center", "pk": 27, "fields": {"name": "\u05d8\u05d1\u05e0\u05e7\u05d9\u05df - \u05d8\u05d9\u05e4\u05ea \u05d7\u05dc\u05d1", "neighborhood": 7, "address": "\u05d8\u05d1\u05e0\u05e7\u05d9\u05df, \u05d1\u05d0\u05e8 \u05e9\u05d1\u05e2", "network": 5, "hours": "\u05d0-\u05d5: 08:00 - 13:00", "phone": "08-6411166 , *5400", "fax": "08-6418691", "email": "", "routes": "", "long": "34.77397160", "lat": "31.25504280"}}, {"model": "centers.center", "pk": 28, "fields": {"name": "\u05d9\u05d5\u05e0\u05ea\u05df - \u05d8\u05d9\u05e4\u05ea \u05d7\u05dc\u05d1", "neighborhood": 10, "address": "\u05d4\u05e8\u05d1 \u05e7\u05d5\u05e7 28, \u05d1\u05d0\u05e8 \u05e9\u05d1\u05e2", "network": 5, "hours": "\u05d0-\u05d5: 08:00 - 13:00", "phone": "08-6419677, *5400", "fax": "08-6416643", "email": "", "routes": "", "long": "34.77127560", "lat": "31.25727920"}}, {"model": "centers.center", "pk": 29, "fields": {"name": "\u05e0\u05d5\u05d5\u05d4 \u05d6\u05d0\u05d1 - \u05d8\u05d9\u05e4\u05ea \u05d7\u05dc\u05d1", "neighborhood": 12, "address": "\u05d9\u05d5\u05d4\u05e0\u05d4 \u05d6'\u05d1\u05d5\u05d8\u05d9\u05e0\u05e1\u05e7\u05d9 30, \u05d1\u05d0\u05e8 \u05e9\u05d1\u05e2", "network": 1, "hours": "\u05d0-\u05d5: 08:00 - 13:00", "phone": "08-9113228", "fax": "", "email": "", "routes": "", "long": "34.77414710", "lat": "31.23925800"}}, {"model": "centers.center", "pk": 30, "fields": {"name": "\u05e0\u05d5\u05d5\u05d4 \u05d6\u05d0\u05d1 - \u05d8\u05d9\u05e4\u05ea \u05d7\u05dc\u05d1", "neighborhood": 12, "address": "\u05d9\u05d5\u05d4\u05e0\u05d4 \u05d6'\u05d1\u05d5\u05d8\u05d9\u05e0\u05e1\u05e7\u05d9 30, \u05d1\u05d0\u05e8 \u05e9\u05d1\u05e2", "network": 4, "hours": "\u05d0-\u05d5: 08:00 - 13:00", "phone": "08-6416622", "fax": "", "email": "", "routes": "", "long": "34.77414710", "lat": "31.23925800"}}, {"model": "centers.center", "pk": 31, "fields": {"name": "\u05e0\u05d7\u05dc \u05d1\u05e7\u05e2 - \u05d8\u05d9\u05e4\u05ea \u05d7\u05dc\u05d1", "neighborhood": 14, "address": "\u05d2\u05d9\u05d1\u05ea\u05d5\u05df \u2013 \u05de\u05e7\u05dc\u05d8 10, \u05d1\u05d0\u05e8 \u05e9\u05d1\u05e2", "network": 5, "hours": "\u05d0-\u05d5: 08:00 - 13:00", "phone": "08-6279768 , *5400", "fax": "08-6230652", "email": "", "routes": "", "long": "34.79146200", "lat": "31.25297300"}}, {"model": "centers.center", "pk": 32, "fields": {"name": "\u05e8\u05de\u05d5\u05ea - \u05d8\u05d9\u05e4\u05ea \u05d7\u05dc\u05d1", "neighborhood": 16, "address": "\u05e7\u05d4\u05d9\u05e8\u05d9 1, \u05d1\u05d0\u05e8 \u05e9\u05d1\u05e2", "network": 5, "hours": "\u05d0-\u05d5: 08:00 - 13:00", "phone": "08-6481257 , *5400", "fax": "08-6481067", "email": "", "routes": "", "long": "34.80211970", "lat": "31.28436190"}}, {"model": "centers.center", "pk": 33, "fields": {"name": "\u05ea\u05d7\u05e0\u05d4 \u05d2' - \u05d8\u05d9\u05e4\u05ea \u05d7\u05dc\u05d1", "neighborhood": 5, "address": "\u05d5\u05d9\u05e0\u05d2\u05d9\u05d9\u05d8 8, \u05d1\u05d0\u05e8 \u05e9\u05d1\u05e2", "network": 5, "hours": "\u05d0-\u05d5: 08:00 - 13:00", "phone": "08- 6233875 , *5400", "fax": "08-6230092", "email": "", "routes": "", "long": "34.80968780", "lat": "31.25664600"}}, {"model": "centers.center", "pk": 34, "fields": {"name": "\u05ea\u05d7\u05e0\u05d4 \u05d5' - \u05d8\u05d9\u05e4\u05ea \u05d7\u05dc\u05d1", "neighborhood": 4, "address": "\u05d4\u05d5\u05d1\u05e8\u05de\u05df 7, \u05d1\u05d0\u05e8 \u05e9\u05d1\u05e2", "network": 5, "hours": "\u05d0-\u05d5: 08:00 - 13:00", "phone": "08-6433511, *5400", "fax": "08-6416297", "email": "", "routes": "", "long": "34.79041630", "lat": "31.25344360"}}, {"model": "centers.center", "pk": 35, "fields": {"name": "\u05ea\u05d7\u05e0\u05d4 \u05d8' - \u05d8\u05d9\u05e4\u05ea \u05d7\u05dc\u05d1", "neighborhood": 9, "address": "\u05d9\u05e8\u05d5\u05e9\u05dc\u05d9\u05dd 32, \u05d1\u05d0\u05e8 \u05e9\u05d1\u05e2", "network": 5, "hours": "\u05d0-\u05d5: 08:00 - 13:00", "phone": "08-6109243 , *5400", "fax": "08-6100641", "email": "", "routes": "", "long": "34.77748290", "lat": "31.24616320"}}, {"model": "centers.center", "pk": 36, "fields": {"name": "\u05ea\u05d7\u05e0\u05d4 \u05d9\"\u05d3 - \u05d8\u05d9\u05e4\u05ea \u05d7\u05dc\u05d1", "neighborhood": 6, "address": "\u05e1\u05e0\u05d4\u05d3\u05e8\u05d9\u05df 113, \u05d1\u05d0\u05e8 \u05e9\u05d1\u05e2", "network": 5, "hours": "\u05d0-\u05d5: 08:00 - 13:00", "phone": "08-6413897 , *5400", "fax": "08-6412376", "email": "", "routes": "", "long": "34.78795000", "lat": "31.26885640"}}, {"model": "centers.center", "pk": 37, "fields": {"name": "\u05de\u05e8\u05e4\u05d0\u05ea \u05de\u05d0\u05d5\u05d7\u05d3\u05ea", "neighborhood": 5, "address": "\u05d5\u05d9\u05e0\u05d2\u05d9\u05d9\u05d8 63, \u05d1\u05d0\u05e8 \u05e9\u05d1\u05e2", "network": 3, "hours": "\u05d0-\u05d5: 08:00 - 13:00", "phone": "08-6261555", "fax": "", "email": "", "routes": "", "long": "34.80026160", "lat": "31.25537010"}}, {"model": "centers.center", "pk": 38, "fields": {"name": "\u05de\u05e8\u05db\u05d6 \u05e8\u05e4\u05d5\u05d0\u05d9 \u05d1\u05d0\u05e8-\u05e9\u05d1\u05e2 \u05e9\u05db\u05d5\u05e0\u05d4 \u05d8", "neighborhood": 9, "address": "\u05d1\u05d9\u05ea \u05d0\u05dc 31, \u05d1\u05d0\u05e8 \u05e9\u05d1\u05e2", "network": 4, "hours": "\u05d0-\u05d5: 08:00 - 13:00", "phone": "08-6258760", "fax": "073-2284757", "email": "", "routes": "", "long": "34.77356490", "lat": "31.24410890"}}, {"model": "centers.center", "pk": 39, "fields": {"name": "\u05de\u05e8\u05db\u05d6 \u05e8\u05e4\u05d5\u05d0\u05d9 \u05e0\u05d2\u05d1", "neighborhood": 5, "address": "\u05d4\u05ea\u05e7\u05d5\u05d4 4, \u05d1\u05d0\u05e8 \u05e9\u05d1\u05e2", "network": 4, "hours": "\u05d0-\u05d5: 08:00 - 13:00", "phone": "08-6267222", "fax": "073-2284759", "email": "", "routes": "", "long": "34.79928740", "lat": "31.24534820"}}, {"model": "centers.center", "pk": 40, "fields": {"name": "\u05de\u05e8\u05e4\u05d0\u05ea \u05d0\u05e1\u05d9\u05d0 \u05e9\u05db\u05d5\u05e0\u05ea \u05e8\u05de\u05d5\u05ea", "neighborhood": 16, "address": "\u05d4\u05d3\u05e2\u05ea 101, \u05d1\u05d0\u05e8 \u05e9\u05d1\u05e2", "network": 4, "hours": "\u05d0-\u05d5: 08:00 - 13:00", "phone": "08-9230514", "fax": "08-9230485", "email": "", "routes": "", "long": "34.80400670", "lat": "31.27419980"}}, {"model": "centers.center", "pk": 41, "fields": {"name": "\u05de\u05db\u05d1\u05d9 \u05d1\u05d0\u05e8 \u05e9\u05d1\u05e2 \u05e9\u05db\u05d5\u05e0\u05d4 \u05d9\u05d0'", "neighborhood": 10, "address": "\u05d4\u05e8\u05d1 \u05d4\u05e8\u05e6\u05d5\u05d2 2, \u05d1\u05d0\u05e8 \u05e9\u05d1\u05e2", "network": 4, "hours": "\u05d0-\u05d5: 08:00 - 13:00", "phone": "08-6102757", "fax": "08-6102760", "email": "", "routes": "", "long": "34.76887920", "lat": "31.26150180"}}, {"model": "centers.center", "pk": 42, "fields": {"name": "\u05d1\u05d0\u05e8 \u05e9\u05d1\u05e2", "neighborhood": 5, "address": "\u05d1\u05d0\u05e8 \u05e9\u05d1\u05e2, \u05e7\u05e0\u05d9\u05d5\u05df \u05d4\u05e0\u05d2\u05d1 \u05e7\u05d5\u05de\u05d4 4", "network": 2, "hours": "\u05d0-\u05d5: 08:00 - 13:00", "phone": "08-6203600", "fax": "08-6203603", "email": "", "routes": "", "long": "34.79460800", "lat": "31.24389000"}}, {"model": "centers.center", "pk": 43, "fields": {"name": "\u05d1\u05d0\u05e8 \u05e9\u05d1\u05e2-\u05e8\u05de\u05d5\u05ea", "neighborhood": 16, "address": "\u05d1\u05d0\u05e8 \u05e9\u05d1\u05e2, \u05e9\u05d9\u05e0\u05d3\u05dc\u05e8 \u05d0\u05d5\u05e1\u05e7\u05e8 30", "network": 2, "hours": "\u05d0-\u05d5: 08:00 - 13:00", "phone": "08-9908800", "fax": "08-9908808", "email": "", "routes": "", "long": "34.79932780", "lat": "31.28324840"}}, {"model": "centers.center", "pk": 44, "fields": {"name": "\u05d2\u05d9\u05dc\u05ea \u05d1\"\u05e9 \u05d3'", "neighborhood": 6, "address": "\u05d1\u05d0\u05e8 \u05e9\u05d1\u05e2, \u05d0\u05dc\u05d9\u05d4\u05d5 \u05d4\u05e0\u05d1\u05d9\u05d0 2", "network": 2, "hours": "\u05d0-\u05d5: 08:00 - 13:00", "phone": "08-6406700", "fax": "08-6406706", "email": "", "routes": "", "long": "34.79238210", "lat": "31.26470450"}}, {"model": "centers.center", "pk": 45, "fields": {"name": "\u05e0\u05d5\u05d5\u05d4 \u05d6\u05d0\u05d1", "neighborhood": 12, "address": "\u05d1\u05d0\u05e8 \u05e9\u05d1\u05e2, \u05d1\u05e8\u05e9 \u05d0\u05e9\u05e8 9", "network": 2, "hours": "\u05d0-\u05d5: 08:00 - 13:00", "phone": "08-6471555", "fax": "08-6471500", "email": "", "routes": "", "long": "34.77617360", "lat": "31.24006430"}}, {"model": "centers.center", "pk": 46, "fields": {"name": "\u05e0\u05d7\u05dc \u05e2\u05e9\u05df", "neighborhood": 15, "address": "\u05d1\u05d0\u05e8 \u05e9\u05d1\u05e2, \u05d4\u05d7\u05e9\u05de\u05d5\u05e0\u05d0\u05d9\u05dd 15", "network": 2, "hours": "\u05d0-\u05d5: 08:00 - 13:00", "phone": "08-6468300", "fax": "08-6468303", "email": "", "routes": "", "long": "34.76341920", "lat": "31.26565440"}}, {"model": "centers.center", "pk": 47, "fields": {"name": "\u05e7\u05e0\u05d9\u05d5\u05df \u05e9\u05d0\u05d5\u05dc \u05d4\u05de\u05dc\u05da", "neighborhood": 10, "address": "\u05d1\u05d0\u05e8 \u05e9\u05d1\u05e2, \u05e9\u05d0\u05d5\u05dc \u05d4\u05de\u05dc\u05da 80", "network": 2, "hours": "\u05d0-\u05d5: 08:00 - 13:00", "phone": "08-9987800", "fax": "08-9987808", "email": "", "routes": "", "long": "34.76815180", "lat": "31.25778900"}}, {"model": "centers.center", "pk": 48, "fields": {"name": "\u05e8\u05d2\u05e8", "neighborhood": 4, "address": "\u05d1\u05d0\u05e8 \u05e9\u05d1\u05e2, \u05db\u05d4\u05df \u05d9\u05e2\u05e7\u05d1 6", "network": 2, "hours": "\u05d0-\u05d5: 08:00 - 13:00", "phone": "08-6268666", "fax": "08-6268639", "email": "", "routes": "", "long": "34.79757420", "lat": "31.25319320"}}, {"model": "centers.center", "pk": 49, "fields": {"name": "\u05d1\u05d9\u05ea \u05d7\u05d5\u05dc\u05d9\u05dd", "neighborhood": 23, "address": "\u05d3\u05e8\u05da \u05e9\u05d1\u05d0 2", "network": 1, "hours": "\u05d0-\u05d5: 08:00 - 13:00", "phone": "", "fax": "", "email": "", "routes": "", "long": "34.83789380", "lat": "32.05210610"}}, {"model": "appointments.doctor", "pk": 1, "fields": {"first_name": "\u05d9\u05d0\u05e0\u05d4", "last_name": "\u05dc\u05d9\u05e1\u05d9\u05d5\u05e7", "center": 1, "speciality": "\u05e8\u05d5\u05e4\u05d0\u05ea \u05de\u05e9\u05e4\u05d7\u05d4"}}, {"model": "appointments.doctor", "pk": 2, "fields": {"first_name": "\u05d3\u05e0\u05d9", "last_name": "\u05db\u05d4\u05df", "center": 1, "speciality": "\u05e8\u05d5\u05e4\u05d0 \u05e2\u05d5\u05e8"}}, {"model": "appointments.doctor", "pk": 3, "fields": {"first_name": "\u05d9\u05d5\u05e1\u05d9", "last_name": "\u05db\u05d4\u05df", "center": 49, "speciality": "\u05e8\u05d5\u05e4\u05d0 \u05de\u05e9\u05e4\u05d7\u05d4"}}, {"model": "appointments.doctor", "pk": 4, "fields": {"first_name": "\u05e0\u05d3\u05d1", "last_name": "\u05db\u05d4\u05df", "center": 48, "speciality": "\u05e8\u05d5\u05e4\u05d0 \u05de\u05e9\u05e4\u05d7\u05d4"}}, {"model": "appointments.doctor", "pk": 5, "fields": {"first_name": "\u05d3\u05d5\u05d3", "last_name": "\u05d0\u05de\u05e1\u05dc\u05dd", "center": 47, "speciality": "\u05e8\u05d5\u05e4\u05d0 \u05de\u05e9\u05e4\u05d7\u05d4"}}, {"model": "appointments.doctor", "pk": 6, "fields": {"first_name": "\u05de\u05d5\u05e8", "last_name": "\u05db\u05d4\u05df", "center": 46, "speciality": "\u05e8\u05d5\u05e4\u05d0\u05ea \u05de\u05e9\u05e4\u05d7\u05d4"}}, {"model": "appointments.doctor", "pk": 7, "fields": {"first_name": "\u05e4\u05d1\u05dc", "last_name": "\u05d0\u05d9\u05d5\u05d5\u05e0\u05e6\u05d9\u05d1", "center": 45, "speciality": "\u05e8\u05d5\u05e4\u05d0 \u05de\u05e9\u05e4\u05d7\u05d4"}}, {"model": "appointments.doctor", "pk": 8, "fields": {"first_name": "\u05d3\u05d5\u05e8", "last_name": "\u05d0\u05dc\u05d5\u05df", "center": 44, "speciality": "\u05e8\u05d5\u05e4\u05d0 \u05de\u05e9\u05e4\u05d7\u05d4"}}, {"model": "appointments.doctor", "pk": 9, "fields": {"first_name": "\u05d2\u05d9\u05d0", "last_name": "\u05de\u05d5\u05dc\u05e1\u05d5\u05df", "center": 43, "speciality": "\u05e8\u05d5\u05e4\u05d0 \u05de\u05e9\u05e4\u05d7\u05d4"}}, {"model": "appointments.doctor", "pk": 10, "fields": {"first_name": "\u05d3\u05e0\u05d4", "last_name": "\u05db\u05d4\u05df", "center": 42, "speciality": "\u05e8\u05d5\u05e4\u05d0 \u05de\u05e9\u05e4\u05d7\u05d4"}}, {"model": "appointments.doctor", "pk": 11, "fields": {"first_name": "\u05d0\u05e0\u05d4", "last_name": "\u05db\u05d4\u05df", "center": 41, "speciality": "\u05e8\u05d5\u05e4\u05d0\u05ea \u05de\u05e9\u05e4\u05d7\u05d4"}}, {"model": "appointments.doctor", "pk": 12, "fields": {"first_name": "\u05d9\u05d0\u05e0\u05d4", "last_name": "\u05db\u05d4\u05df", "center": 40, "speciality": "\u05e8\u05d5\u05e4\u05d0\u05ea \u05de\u05e9\u05e4\u05d7\u05d4"}}, {"model": "appointments.doctor", "pk": 13, "fields": {"first_name": "\u05e1\u05e4\u05d9\u05e8", "last_name": "\u05db\u05d4\u05df", "center": 39, "speciality": "\u05e8\u05d5\u05e4\u05d0\u05ea \u05de\u05e9\u05e4\u05d7\u05d4"}}, {"model": "appointments.doctor", "pk": 14, "fields": {"first_name": "\u05d9\u05d5\u05e8\u05d4", "last_name": "\u05db\u05d4\u05df", "center": 38, "speciality": "\u05e8\u05d5\u05e4\u05d0\u05ea \u05de\u05e9\u05e4\u05d7\u05d4"}}, {"model": "appointments.doctor", "pk": 15, "fields": {"first_name": "\u05d1\u05e8", "last_name": "\u05db\u05d4\u05df", "center": 37, "speciality": "\u05e8\u05d5\u05e4\u05d0 \u05de\u05e9\u05e4\u05d7\u05d4"}}, {"model": "appointments.doctor", "pk": 16, "fields": {"first_name": "\u05e0\u05d3\u05d1", "last_name": "\u05db\u05d4\u05df", "center": 36, "speciality": "\u05e8\u05d5\u05e4\u05d0 \u05d9\u05dc\u05d3\u05d9\u05dd"}}, {"model": "appointments.doctor", "pk": 17, "fields": {"first_name": "\u05d3\u05d5\u05d3", "last_name": "\u05d0\u05dc\u05d5\u05df", "center": 35, "speciality": "\u05e8\u05d5\u05e4\u05d0 \u05d9\u05dc\u05d3\u05d9\u05dd"}}, {"model": "appointments.doctor", "pk": 18, "fields": {"first_name": "\u05d1\u05e8", "last_name": "\u05db\u05d4\u05df", "center": 34, "speciality": "\u05e8\u05d5\u05e4\u05d0\u05ea \u05de\u05e9\u05e4\u05d7\u05d4"}}, {"model": "appointments.doctor", "pk": 19, "fields": {"first_name": "\u05d3\u05e0\u05d4", "last_name": "\u05d0\u05d1\u05d5\u05d8\u05d1\u05d5\u05dc", "center": 33, "speciality": "\u05e8\u05d5\u05e4\u05d0\u05ea \u05de\u05e9\u05e4\u05d7\u05d4"}}, {"model": "appointments.doctor", "pk": 20, "fields": {"first_name": "\u05d9\u05d5\u05e1\u05d9", "last_name": "\u05e9\u05d5\u05d5\u05e8\u05e5", "center": 32, "speciality": "\u05e8\u05d5\u05e4\u05d0 \u05d9\u05dc\u05d3\u05d9\u05dd"}}, {"model": "appointments.doctor", "pk": 21, "fields": {"first_name": "\u05d0\u05e8\u05d9\u05e7", "last_name": "\u05dc\u05d5\u05d9", "center": 31, "speciality": "\u05e8\u05d5\u05e4\u05d0 \u05d9\u05dc\u05d3\u05d9\u05dd"}}, {"model": "appointments.doctor", "pk": 22, "fields": {"first_name": "\u05de\u05d7\u05de\u05d5\u05d3", "last_name": "\u05de\u05d5\u05d7\u05de\u05d3", "center": 30, "speciality": "\u05e8\u05d5\u05e4\u05d0 \u05de\u05e9\u05e4\u05d7\u05d4"}}, {"model": "appointments.doctor", "pk": 23, "fields": {"first_name": "\u05de\u05d7\u05de\u05d5\u05d3", "last_name": "\u05d0\u05d1\u05d5 \u05de\u05e8\u05e7", "center": 29, "speciality": "\u05e8\u05d5\u05e4\u05d0 \u05de\u05e9\u05e4\u05d7\u05d4"}}, {"model": "appointments.doctor", "pk": 24, "fields": {"first_name": "\u05d1\u05e0\u05d9", "last_name": "\u05e9\u05d5\u05d5\u05e8\u05e5", "center": 28, "speciality": "\u05e8\u05d5\u05e4\u05d0 \u05de\u05e9\u05e4\u05d7\u05d4"}}, {"model": "appointments.doctor", "pk": 25, "fields": {"first_name": "\u05d0\u05d1\u05d9", "last_name": "\u05dc\u05d5\u05d5\u05d9", "center": 27, "speciality": "\u05e8\u05d5\u05e4\u05d0 \u05de\u05e9\u05e4\u05d7\u05d4"}}, {"model": "appointments.doctor", "pk": 26, "fields": {"first_name": "\u05d0\u05d1\u05d9\u05d1", "last_name": "\u05db\u05d4\u05df", "center": 26, "speciality": "\u05e8\u05d5\u05e4\u05d0 \u05de\u05e9\u05e4\u05d7\u05d4"}}, {"model": "appointments.doctor", "pk": 27, "fields": {"first_name": "\u05d0\u05d9\u05e6\u05d9\u05e7", "last_name": "\u05d3\u05e0\u05d9\u05e0\u05d5", "center": 25, "speciality": "\u05e8\u05d5\u05e4\u05d0 \u05de\u05e9\u05e4\u05d7\u05d4"}}, {"model": "appointments.doctor", "pk": 28, "fields": {"first_name": "\u05d9\u05e2\u05dc", "last_name": "\u05d7\u05d3\u05d3", "center": 24, "speciality": "\u05e8\u05d5\u05e4\u05d0\u05ea \u05de\u05e9\u05e4\u05d7\u05d4"}}, {"model": "appointments.doctor", "pk": 29, "fields": {"first_name": "\u05d0\u05d1\u05e0\u05e8", "last_name": "\u05d7\u05d3\u05d3", "center": 23, "speciality": "\u05e8\u05d5\u05e4\u05d0 \u05de\u05e9\u05e4\u05d7\u05d4"}}, {"model": "appointments.doctor", "pk": 30, "fields": {"first_name": "\u05d3\u05df", "last_name": "\u05db\u05d4\u05df", "center": 22, "speciality": "\u05e8\u05d5\u05e4\u05d0 \u05de\u05e9\u05e4\u05d7\u05d4"}}, {"model": "appointments.doctor", "pk": 31, "fields": {"first_name": "\u05d0\u05d1\u05e9\u05dc\u05d5\u05dd", "last_name": "\u05d7\u05d3\u05d3", "center": 21, "speciality": "\u05e8\u05d5\u05e4\u05d0 \u05de\u05e9\u05e4\u05d7\u05d4"}}, {"model": "appointments.doctor", "pk": 32, "fields": {"first_name": "\u05d3\u05d1\u05d9\u05e8", "last_name": "\u05e9\u05d5\u05d5\u05e8\u05e5", "center": 20, "speciality": "\u05e8\u05d5\u05e4\u05d0 \u05de\u05e9\u05e4\u05d7\u05d4"}}, {"model": "appointments.doctor", "pk": 33, "fields": {"first_name": "\u05d3\u05d5\u05e8", "last_name": "\u05d3\u05d5\u05d3\u05d0\u05d9", "center": 19, "speciality": "\u05e8\u05d5\u05e4\u05d0 \u05de\u05e9\u05e4\u05d7\u05d4"}}, {"model": "appointments.doctor", "pk": 34, "fields": {"first_name": "\u05e0\u05d5\u05d4", "last_name": "\u05db\u05d4\u05df", "center": 18, "speciality": "\u05e8\u05d5\u05e4\u05d0\u05ea \u05de\u05e9\u05e4\u05d7\u05d4"}}, {"model": "appointments.doctor", "pk": 35, "fields": {"first_name": "\u05e0\u05d8\u05e2", "last_name": "\u05dc\u05d5\u05d5\u05d9", "center": 17, "speciality": "\u05e8\u05d5\u05e4\u05d0\u05ea \u05de\u05e9\u05e4\u05d7\u05d4"}}, {"model": "appointments.doctor", "pk": 36, "fields": {"first_name": "\u05d0\u05dc\u05de\u05d5\u05d2", "last_name": "\u05db\u05d4\u05df", "center": 16, "speciality": "\u05e8\u05d5\u05e4\u05d0 \u05de\u05e9\u05e4\u05d7\u05d4"}}, {"model": "appointments.doctor", "pk": 37, "fields": {"first_name": "\u05d3\u05e0\u05d9", "last_name": "\u05db\u05d4\u05df", "center": 15, "speciality": "\u05e8\u05d5\u05e4\u05d0 \u05de\u05e9\u05e4\u05d7\u05d4"}}, {"model": "appointments.doctor", "pk": 38, "fields": {"first_name": "\u05d3\u05e0\u05d9\u05d0\u05dc", "last_name": "\u05db\u05d4\u05df", "center": 14, "speciality": "\u05e8\u05d5\u05e4\u05d0 \u05de\u05e9\u05e4\u05d7\u05d4"}}, {"model": "appointments.doctor", "pk": 39, "fields": {"first_name": "\u05d4\u05d3\u05e8", "last_name": "\u05d1\u05d9\u05d8\u05d5\u05df", "center": 13, "speciality": "\u05e8\u05d5\u05e4\u05d0\u05ea \u05de\u05e9\u05e4\u05d7\u05d4"}}, {"model": "appointments.doctor", "pk": 40, "fields": {"first_name": "\u05e2\u05e0\u05ea", "last_name": "\u05d1\u05d9\u05d8\u05d5\u05df", "center": 12, "speciality": "\u05e8\u05d5\u05e4\u05d0\u05ea \u05de\u05e9\u05e4\u05d7\u05d4"}}, {"model": "appointments.doctor", "pk": 41, "fields": {"first_name": "\u05d2\u05d3\u05d9", "last_name": "\u05d1\u05d9\u05d8\u05d5\u05df", "center": 11, "speciality": "\u05e8\u05d5\u05e4\u05d0 \u05de\u05e9\u05e4\u05d7\u05d4"}}, {"model": "appointments.doctor", "pk": 42, "fields": {"first_name": "\u05e9\u05de\u05d5\u05dc\u05d9\u05e7", "last_name": "\u05db\u05d4\u05df", "center": 10, "speciality": "\u05e8\u05d5\u05e4\u05d0 \u05de\u05e9\u05e4\u05d7\u05d4"}}, {"model": "appointments.doctor", "pk": 43, "fields": {"first_name": "\u05d0\u05dc\u05db\u05e1\u05e0\u05d3\u05e8", "last_name": "\u05e0\u05d9\u05d5\u05d8\u05e6'\u05d5\u05e3", "center": 9, "speciality": "\u05e8\u05d5\u05e4\u05d0 \u05de\u05e9\u05e4\u05d7\u05d4"}}, {"model": "appointments.doctor", "pk": 44, "fields": {"first_name": "\u05d5\u05dc\u05d3\u05d9\u05de\u05e8", "last_name": "\u05d7\u05de\u05d9\u05e6\u05e7\u05d5", "center": 8, "speciality": "\u05e8\u05d5\u05e4\u05d0 \u05de\u05e9\u05e4\u05d7\u05d4"}}, {"model": "appointments.doctor", "pk": 45, "fields": {"first_name": "\u05d3\u05d9\u05de\u05d9\u05d8\u05e8\u05d9", "last_name": "\u05e6\u05d5\u05e6\u05e0\u05d9\u05d5\u05d1", "center": 7, "speciality": "\u05e8\u05d5\u05e4\u05d0 \u05de\u05e9\u05e4\u05d7\u05d4"}}, {"model": "appointments.doctor", "pk": 46, "fields": {"first_name": "\u05d0\u05d5\u05dc\u05d2", "last_name": "\u05d7\u05de\u05d9\u05e7\u05d5\u05d1", "center": 6, "speciality": "\u05e8\u05d5\u05e4\u05d0 \u05de\u05e9\u05e4\u05d7\u05d4"}}, {"model": "appointments.doctor", "pk": 47, "fields": {"first_name": "\u05de\u05d0\u05e8\u05e7", "last_name": "\u05e4\u05dc\u05d9\u05e0\u05d8\u05d9\u05d9\u05d1", "center": 5, "speciality": "\u05e8\u05d5\u05e4\u05d0 \u05de\u05e9\u05e4\u05d7\u05d4"}}, {"model": "appointments.doctor", "pk": 49, "fields": {"first_name": "\u05d2'\u05d0\u05e1\u05d8\u05d9\u05df", "last_name": "\u05e4\u05e8\u05d0\u05de\u05d9\u05d9\u05e8", "center": 3, "speciality": "\u05e8\u05d5\u05e4\u05d0 \u05de\u05e9\u05e4\u05d7\u05d4"}}, {"model": "appointments.doctor", "pk": 50, "fields": {"first_name": "\u05e7\u05e8\u05d9\u05e1\u05d8\u05d9\u05e0\u05d4", "last_name": "\u05e4\u05dc\u05d9\u05d9\u05e8", "center": 2, "speciality": "\u05e8\u05d5\u05e4\u05d0\u05ea \u05de\u05e9\u05e4\u05d7\u05d4"}}, {"model": "appointments.doctor", "pk": 51, "fields": {"first_name": "\u05d0\u05dc\u05d5\u05e0\u05d4", "last_name": "\u05db\u05d4\u05df", "center": 1, "speciality": "\u05e8\u05d5\u05e4\u05d0\u05ea \u05de\u05e9\u05e4\u05d7\u05d4"}}, {"model": "users.customer", "pk": 1, "fields": {"password": "pbkdf2_sha256$180000$5x6p3e8t$aKahq98XWLlSX2S74ZApd5Z1knL+Q1FEcv/kHpshSwk=", "last_login": "2020-06-07T17:27:21.276Z", "is_superuser": true, "username": "11112222A", "first_name": "admin", "last_name": "admin", "email": "admin@admin.com", "is_staff": true, "is_active": true, "date_joined": "2020-06-05T17:15:24.939Z", "phone_number": "1234567890", "address": "admin", "citizen": false, "secretary": false, "groups": [], "user_permissions": []}}, {"model": "users.customer", "pk": 5, "fields": {"password": "pbkdf2_sha256$180000$iLx3BHAhHovA$lDgF93yV7OkRztcELPsfJQ8WD71SWPSonIKN8o3LEdk=", "last_login": "2020-06-07T17:27:02.301Z", "is_superuser": false, "username": "12121212M", "first_name": "\u05e2\u05e0\u05ea", "last_name": "\u05db\u05d4\u05df", "email": "hanat@gmail.com", "is_staff": false, "is_active": true, "date_joined": "2020-06-07T11:34:55.812Z", "phone_number": "0549452230", "address": "\u05d9\u05d5\u05e1\u05e3 \u05e7\u05dc\u05d0\u05d5\u05d6\u05e0\u05e8 19, \u05d1\u05d0\u05e8 \u05e9\u05d1\u05e2", "citizen": false, "secretary": true, "groups": [], "user_permissions": []}}, {"model": "users.customer", "pk": 6, "fields": {"password": "pbkdf2_sha256$180000$lfOMx6T1ninb$UQ0O1VfG6iFwxJFu1VIhBpvWMbTWA/C/WyzursxItIk=", "last_login": "2020-06-07T11:38:20.102Z", "is_superuser": false, "username": "123456781", "first_name": "\u05d0\u05dc\u05d5\u05df", "last_name": "\u05e4\u05e8\u05e5", "email": "alon@gmail.com", "is_staff": false, "is_active": true, "date_joined": "2020-06-07T11:37:58.590Z", "phone_number": "0549499230", "address": "\u05d3\u05d5\u05d3 \u05d4\u05de\u05dc\u05da 78, \u05d1\u05d0\u05e8 \u05e9\u05d1\u05e2, \u05e1\u05de\u05d5\u05da \u05dc\u05de\u05e8\u05db\u05d6 \u05d7\u05e0\u05d5\u05d9\u05d5\u05ea \u05d2\u05d9\u05dc\u05ea", "citizen": true, "secretary": false, "groups": [], "user_permissions": []}}, {"model": "users.customer", "pk": 7, "fields": {"password": "pbkdf2_sha256$180000$rTpaAhudHiX8$sPj0WrfiMfDFxFOtfcHuMyMSQYb3g8AGoYeZnyAuwHI=", "last_login": "2020-06-07T11:47:46.604Z", "is_superuser": false, "username": "123456782", "first_name": "\u05dc\u05d9\u05d0\u05ea", "last_name": "\u05db\u05d4\u05df", "email": "liat@gmail.com", "is_staff": false, "is_active": true, "date_joined": "2020-06-07T11:47:41.088Z", "phone_number": "0549452223", "address": "\u05d7\u05d9\u05d9\u05dd \u05e0\u05d7\u05de\u05df \u05d1\u05d9\u05d0\u05dc\u05d9\u05e7 24, \u05d1\u05d0\u05e8 \u05e9\u05d1\u05e2, \u05e9\u05db\u05d5\u05e0\u05d4 \u05d1'", "citizen": true, "secretary": false, "groups": [], "user_permissions": []}}, {"model": "appointments.appointment", "pk": 8, "fields": {"patient": 6, "time_field": "10:40:00", "date_field": "2020-06-29", "doctor": 40}}, {"model": "appointments.appointment", "pk": 9, "fields": {"patient": 6, "time_field": "11:30:00", "date_field": "2020-07-22", "doctor": 38}}, {"model": "appointments.appointment", "pk": 10, "fields": {"patient": 7, "time_field": "08:00:00", "date_field": "2020-08-19", "doctor": 19}}]